SEMEL_YISHUV,ZOMET_IRONI,total_acc,fatal_acc,severe_acc,light_acc
26,50001.0,1,0,0,1
28,90099.0,1,0,0,1
31,40002.0,1,0,1,0
31,70001.0,1,0,1,0
31,110001.0,2,0,0,2
31,460001.0,1,0,0,1
65,20052.0,1,0,1,0
70,10001.0,4,0,0,4
70,30008.0,3,0,0,3
70,50005.0,2,0,2,0
70,60015.0,1,0,1,0
70,90013.0,2,0,0,2
70,120008.0,2,0,0,2
70,170007.0,1,0,0,1
70,230003.0,3,0,1,2
70,7480002.0,1,0,0,1
70,7490002.0,2,0,0,2
70,7510002.0,1,0,1,0
70,7530002.0,2,0,0,2
70,7540002.0,4,0,0,4
70,7630003.0,3,0,0,3
70,7650004.0,2,0,0,2
70,7690005.0,1,0,0,1
70,7710005.0,2,0,0,2
70,7740006.0,1,0,0,1
70,7750006.0,2,0,0,2
70,7760007.0,3,1,0,2
70,7880014.0,1,0,0,1
70,7900013.0,4,0,2,2
70,7910013.0,7,0,0,7
70,7920011.0,14,0,0,14
70,7930011.0,3,0,2,1
70,7940011.0,1,0,0,1
70,8060011.0,5,0,0,5
70,8070011.0,8,0,3,5
70,8140014.0,2,0,0,2
70,8240014.0,1,0,0,1
70,8300054.0,5,1,2,2
70,8310021.0,1,0,0,1
70,8330071.0,2,0,0,2
70,8450001.0,2,0,0,2
70,8460041.0,3,0,2,1
70,8590011.0,2,0,0,2
70,8610011.0,7,0,4,3
70,8670001.0,11,0,5,6
70,8730052.0,4,0,0,4
70,8750002.0,2,0,0,2
70,8820071.0,4,0,0,4
70,8880052.0,1,0,1,0
70,8900001.0,7,0,0,7
70,8960041.0,1,0,0,1
70,9020052.0,10,0,0,10
70,9040335.0,1,0,0,1
70,9060041.0,1,0,0,1
70,9080132.0,2,0,0,2
70,9140008.0,1,0,1,0
70,9190335.0,1,0,0,1
70,9200073.0,2,0,0,2
70,9210001.0,3,0,1,2
70,9220073.0,2,0,0,2
70,9250054.0,3,0,1,2
70,9330041.0,2,0,0,2
70,9370211.0,2,0,0,2
70,9380123.0,3,0,0,3
70,9430312.0,4,0,0,4
70,9450137.0,1,0,0,1
70,9470321.0,4,2,0,2
70,9580331.0,2,0,0,2
70,9680325.0,2,0,0,2
70,9720005.0,3,0,2,1
70,9750041.0,5,0,0,5
70,9770007.0,6,0,2,4
70,9840052.0,1,0,0,1
70,9890011.0,1,0,0,1
70,9900002.0,4,0,2,2
70,9990001.0,1,0,0,1
70,10020001.0,2,0,0,2
70,10150006.0,1,0,0,1
70,10150045.0,2,0,0,2
70,10150071.0,2,0,0,2
70,10150097.0,2,0,0,2
70,10150098.0,1,0,0,1
70,10150129.0,2,0,0,2
70,10150156.0,2,0,0,2
70,10150244.0,1,0,0,1
70,10150255.0,2,0,2,0
70,10150290.0,4,0,0,4
70,10150316.0,2,0,0,2
70,10150344.0,4,0,0,4
70,10150345.0,4,2,0,2
70,10150358.0,1,0,0,1
70,10150362.0,4,0,0,4
70,10150407.0,2,0,2,0
70,10150435.0,2,0,0,2
70,10150436.0,1,0,0,1
154,30001.0,1,0,0,1
154,40001.0,1,0,0,1
154,220015.0,2,0,0,2
154,220026.0,2,0,0,2
166,70001.0,3,0,2,1
166,170001.0,2,0,0,2
166,320001.0,1,0,0,1
166,410001.0,2,0,0,2
166,430053.0,6,0,2,4
166,430061.0,2,0,0,2
166,430092.0,3,0,0,3
166,430176.0,1,0,0,1
168,180001.0,2,0,0,2
168,180095.0,1,0,0,1
168,180099.0,2,0,2,0
182,10001.0,1,0,1,0
182,260058.0,1,0,0,1
195,250001.0,2,0,0,2
195,270014.0,1,0,0,1
195,310052.0,3,0,0,3
195,310177.0,2,0,2,0
229,10001.0,1,0,0,1
229,150001.0,2,0,0,2
229,490001.0,2,0,0,2
229,570001.0,1,0,0,1
229,640041.0,1,0,1,0
229,640042.0,2,0,0,2
233,4.0,2,0,0,2
240,50001.0,3,0,0,3
240,60001.0,2,0,0,2
240,190061.0,3,0,0,3
240,190064.0,1,0,0,1
246,250001.0,2,0,0,2
246,610007.0,2,0,0,2
246,610100.0,3,0,0,3
249,20001.0,2,0,0,2
351,3.0,2,0,0,2
432,2.0,2,0,0,2
466,9610010.0,2,0,2,0
469,240041.0,2,2,0,0
469,240086.0,1,0,1,0
469,240099.0,2,0,0,2
469,240101.0,2,0,2,0
542,2.0,2,0,2,0
542,4.0,2,0,0,2
628,2.0,4,0,0,4
634,11.0,2,0,0,2
634,99999999.0,3,3,0,0
666,100001.0,2,0,0,2
666,120001.0,2,0,0,2
666,250001.0,2,0,0,2
681,570001.0,1,0,0,1
681,670001.0,2,0,0,2
681,67760001.0,1,0,0,1
681,67780024.0,2,0,2,0
831,130039.0,1,0,0,1
874,50003.0,2,0,0,2
874,510001.0,1,0,0,1
874,570031.0,1,0,0,1
874,570163.0,2,0,0,2
1015,150001.0,2,0,0,2
1015,210001.0,1,0,0,1
1015,360001.0,4,0,0,4
1015,430044.0,2,0,0,2
1015,430122.0,2,0,0,2
1020,110001.0,2,0,0,2
1020,150001.0,1,0,1,0
1020,340001.0,1,0,0,1
1020,640017.0,1,0,0,1
1031,270001.0,1,0,1,0
1031,280001.0,2,0,0,2
1031,480001.0,2,0,0,2
1031,630001.0,3,0,0,3
1031,670059.0,1,0,0,1
1031,670178.0,2,0,0,2
1031,670189.0,2,0,2,0
1034,10003.0,2,0,0,2
1034,30004.0,1,0,0,1
1034,130001.0,1,0,0,1
1034,290003.0,2,0,0,2
1034,350003.0,1,0,0,1
1034,18310004.0,2,0,0,2
1061,7010002.0,2,0,0,2
1061,7030002.0,3,0,0,3
1061,7070002.0,2,0,0,2
1061,7590004.0,1,0,0,1
1061,7790001.0,1,0,0,1
1061,7810004.0,1,0,0,1
1061,7820003.0,2,0,0,2
1061,7910002.0,1,0,0,1
1061,8080001.0,2,0,0,2
1063,40001.0,1,0,0,1
1063,160073.0,1,0,0,1
1139,280009.0,1,0,0,1
1139,340002.0,2,0,0,2
1139,370002.0,3,0,0,3
1139,390003.0,2,0,1,1
1139,480009.0,2,0,0,2
1139,630001.0,2,0,0,2
1139,670003.0,2,0,0,2
1139,8340020.0,1,0,1,0
1139,8340106.0,2,0,0,2
1139,8340160.0,2,0,0,2
1139,8340168.0,2,0,0,2
1139,8340197.0,2,0,2,0
1167,100085.0,1,0,0,1
1167,100105.0,2,0,0,2
1200,120001.0,4,0,1,3
1200,170001.0,1,0,1,0
1200,240001.0,1,0,0,1
1200,250001.0,4,0,2,2
1200,270001.0,2,0,0,2
1200,300001.0,2,0,0,2
1200,360001.0,2,0,2,0
1200,670001.0,1,0,1,0
1200,780135.0,2,0,0,2
1200,780143.0,1,0,0,1
1200,780201.0,1,0,0,1
1200,780258.0,1,0,0,1
1247,10011.0,2,0,0,2
1247,10014.0,2,0,0,2
1247,10015.0,2,0,2,0
1309,10001.0,1,0,0,1
1309,140032.0,2,0,0,2
1313,2.0,2,0,0,2
1345,4.0,1,0,0,1
2034,80001.0,1,0,0,1
2100,50004.0,1,0,0,1
2100,430003.0,1,0,0,1
2100,8180004.0,1,0,0,1
2100,8220003.0,1,0,0,1
2100,8220067.0,1,0,0,1
2100,8220071.0,1,0,0,1
2200,7440003.0,2,0,0,2
2200,7510006.0,3,0,0,3
2200,7780008.0,1,0,1,0
2400,690001.0,1,0,0,1
2400,8050002.0,1,0,1,0
2400,8070001.0,2,0,0,2
2400,8120001.0,1,0,0,1
2400,8140059.0,2,0,0,2
2400,8140128.0,2,0,0,2
2500,160001.0,2,0,0,2
2500,450001.0,2,0,0,2
2500,15140002.0,8,0,0,8
2500,15160001.0,1,0,0,1
2500,15410001.0,2,0,0,2
2500,15480001.0,2,0,0,2
2500,15530001.0,2,0,0,2
2500,15550001.0,7,0,0,7
2500,15670001.0,5,0,0,5
2500,15700001.0,4,0,0,4
2500,15710009.0,1,0,0,1
2500,15710086.0,2,0,0,2
2530,7770001.0,1,0,0,1
2530,7830100.0,1,0,1,0
2550,40001.0,1,0,0,1
2550,270001.0,2,0,0,2
2550,480209.0,2,0,0,2
2560,30002.0,1,0,0,1
2560,500050.0,1,0,1,0
2600,20001.0,2,0,0,2
2600,90002.0,2,0,0,2
2600,170001.0,3,0,0,3
2600,180005.0,1,0,0,1
2600,7390002.0,4,0,0,4
2600,7460001.0,4,0,0,4
2600,7480001.0,1,0,0,1
2600,7670003.0,1,0,0,1
2600,7770001.0,2,0,2,0
2600,7830005.0,1,0,0,1
2600,7930002.0,4,0,0,4
2600,8080004.0,2,0,0,2
2600,8270012.0,2,0,0,2
2600,8310001.0,2,0,0,2
2600,8370004.0,3,0,0,3
2600,8380006.0,2,0,0,2
2600,8450001.0,2,0,0,2
2600,8460001.0,1,0,0,1
2600,8480001.0,1,0,0,1
2600,8500001.0,1,0,0,1
2600,8540001.0,2,0,0,2
2600,8720001.0,1,0,0,1
2600,8760001.0,2,0,0,2
2600,8780063.0,2,0,0,2
2600,8780121.0,1,0,1,0
2600,8780147.0,1,0,0,1
2600,8780271.0,1,0,1,0
2610,7530002.0,1,0,0,1
2610,7540007.0,2,0,0,2
2610,7680002.0,2,0,0,2
2610,7820001.0,1,0,0,1
2610,7880004.0,1,0,0,1
2610,7920001.0,1,0,0,1
2610,8060001.0,1,0,0,1
2610,8180001.0,2,0,0,2
2610,8200001.0,1,0,1,0
2610,8270001.0,1,0,0,1
2610,8310018.0,2,0,0,2
2610,8310184.0,1,0,1,0
2610,8310195.0,2,0,2,0
2610,8310213.0,2,0,0,2
2610,8310214.0,1,0,0,1
2620,770002.0,2,0,0,2
2620,7460003.0,1,0,0,1
2620,7630003.0,1,0,0,1
2620,7680003.0,2,0,2,0
2620,7730005.0,6,0,6,0
2620,68150087.0,2,0,0,2
2620,68150088.0,1,0,0,1
2620,68150094.0,2,0,0,2
2620,68150106.0,1,0,0,1
2620,68150107.0,2,0,0,2
2620,68150136.0,2,0,0,2
2630,130003.0,3,0,0,3
2630,7280000.0,1,0,0,1
2630,7300004.0,4,0,2,2
2630,7450003.0,2,0,0,2
2630,7780001.0,2,0,0,2
2630,7830002.0,1,0,0,1
2630,8310008.0,1,0,0,1
2630,8580001.0,2,0,0,2
2630,8590059.0,2,0,0,2
2630,8590062.0,4,0,0,4
2630,8590240.0,1,0,0,1
2630,8590244.0,1,1,0,0
2630,8590247.0,2,0,0,2
2640,370003.0,2,0,0,2
2640,400001.0,3,0,0,3
2640,520003.0,1,0,0,1
2640,580003.0,2,0,0,2
2640,8020003.0,2,0,0,2
2640,8170007.0,2,0,0,2
2640,8190001.0,1,0,0,1
2640,8220006.0,3,0,0,3
2640,8400001.0,1,0,0,1
2640,28420065.0,1,0,0,1
2640,28420243.0,3,0,0,3
2640,28420249.0,2,0,0,2
2640,28420251.0,2,0,0,2
2650,90002.0,1,0,0,1
2650,130005.0,2,0,0,2
2650,370004.0,1,0,0,1
2650,7250003.0,2,0,0,2
2650,7260003.0,2,0,0,2
2650,9300003.0,2,0,0,2
2650,21860004.0,1,0,0,1
2650,22090001.0,1,0,1,0
2650,22110001.0,4,0,0,4
2660,10001.0,2,0,2,0
2660,190001.0,1,0,0,1
2660,7500002.0,2,0,0,2
2660,8050018.0,1,1,0,0
2660,8050135.0,1,0,1,0
2720,15.0,4,0,2,2
2800,70004.0,2,0,0,2
2800,280002.0,2,0,0,2
2800,7410004.0,2,0,0,2
2800,7420001.0,5,0,0,5
2800,7450004.0,2,0,0,2
2800,7470001.0,2,0,2,0
2800,7540004.0,2,0,2,0
2800,8000013.0,2,0,0,2
3000,10176.0,1,0,0,1
3000,30532.0,2,0,0,2
3000,30713.0,1,0,1,0
3000,40145.0,2,0,0,2
3000,60214.0,1,0,1,0
3000,60537.0,4,0,0,4
3000,70214.0,3,0,0,3
3000,70311.0,1,0,0,1
3000,70322.0,1,0,0,1
3000,90123.0,6,0,0,6
3000,90316.0,1,0,0,1
3000,100113.0,1,0,0,1
3000,100146.0,6,0,0,6
3000,110123.0,2,0,0,2
3000,110231.0,1,0,0,1
3000,110522.0,7,0,1,6
3000,120214.0,1,0,1,0
3000,120522.0,2,0,0,2
3000,140211.0,2,0,0,2
3000,140532.0,2,0,0,2
3000,150514.0,1,1,0,0
3000,150522.0,4,0,0,4
3000,170123.0,2,0,0,2
3000,180123.0,1,0,0,1
3000,180172.0,2,0,0,2
3000,190521.0,2,0,0,2
3000,200123.0,2,0,0,2
3000,200213.0,1,0,0,1
3000,210214.0,2,0,2,0
3000,210521.0,2,0,0,2
3000,230743.0,1,0,0,1
3000,240513.0,2,0,0,2
3000,250161.0,1,0,0,1
3000,250235.0,1,0,0,1
3000,250534.0,1,0,0,1
3000,260214.0,1,0,0,1
3000,310231.0,1,0,1,0
3000,330514.0,2,0,0,2
3000,380533.0,2,0,0,2
3000,510533.0,8,0,1,7
3000,7232440.0,3,0,0,3
3000,8310713.0,5,0,0,5
3000,8640112.0,7,0,0,7
3000,8650723.0,6,0,0,6
3000,8890111.0,3,1,0,2
3000,8940111.0,1,0,1,0
3000,9080121.0,3,0,1,2
3000,9110121.0,1,0,0,1
3000,9150121.0,1,0,0,1
3000,9190123.0,1,0,1,0
3000,9240176.0,3,0,0,3
3000,9410172.0,1,0,0,1
3000,9500175.0,4,0,2,2
3000,9740124.0,2,0,0,2
3000,10080175.0,2,0,0,2
3000,10230172.0,1,0,0,1
3000,10380127.0,2,0,0,2
3000,10490141.0,1,0,0,1
3000,10510131.0,4,0,0,4
3000,10770143.0,2,0,0,2
3000,10880146.0,2,0,0,2
3000,10910146.0,3,0,2,1
3000,10970141.0,1,0,0,1
3000,11130132.0,6,0,4,2
3000,11230642.0,2,0,0,2
3000,11680521.0,2,0,0,2
3000,11760521.0,1,1,0,0
3000,11770521.0,8,0,0,8
3000,11820152.0,1,0,1,0
3000,11900153.0,6,0,0,6
3000,12050152.0,1,0,1,0
3000,12270151.0,1,0,0,1
3000,12290151.0,1,0,0,1
3000,12490415.0,1,0,0,1
3000,12640532.0,4,0,3,1
3000,12650532.0,6,0,0,6
3000,12670532.0,8,0,0,8
3000,12730533.0,1,0,1,0
3000,12740533.0,3,0,0,3
3000,13590511.0,2,0,0,2
3000,13670412.0,1,0,0,1
3000,13810413.0,1,0,0,1
3000,13820416.0,2,1,0,1
3000,13840413.0,1,0,1,0
3000,13930415.0,2,0,0,2
3000,13940414.0,2,0,0,2
3000,14060423.0,1,0,0,1
3000,14100422.0,1,0,0,1
3000,14110423.0,2,0,0,2
3000,14210415.0,1,0,0,1
3000,14230422.0,2,0,0,2
3000,14280421.0,2,0,0,2
3000,14320411.0,2,0,0,2
3000,14590232.0,4,0,0,4
3000,14910321.0,1,0,0,1
3000,14920321.0,1,0,0,1
3000,15130313.0,1,0,0,1
3000,15200315.0,1,0,0,1
3000,15820232.0,1,0,1,0
3000,15900231.0,4,0,0,4
3000,16170164.0,7,0,0,7
3000,16240164.0,1,0,0,1
3000,16660165.0,1,0,0,1
3000,16740213.0,4,0,0,4
3000,16830164.0,4,0,0,4
3000,16980165.0,2,0,0,2
3000,18590533.0,1,0,0,1
3000,22480732.0,3,0,0,3
3000,22920113.0,4,0,0,4
3000,23670112.0,2,0,0,2
3000,23750724.0,5,0,1,4
3000,23760725.0,6,0,1,5
3000,23770724.0,1,0,0,1
3000,23780714.0,5,0,0,5
3000,23880254.0,7,0,2,5
3000,23890842.0,4,0,0,4
3000,23920844.0,2,0,0,2
3000,23940841.0,2,0,0,2
3000,23960845.0,2,0,0,2
3000,23990331.0,2,0,0,2
3000,24020251.0,2,0,0,2
3000,24030844.0,5,0,0,5
3000,24070123.0,4,0,0,4
3000,24100832.0,1,0,0,1
3000,24110844.0,1,0,0,1
3000,24240735.0,2,0,0,2
3000,24260723.0,5,0,0,5
3000,24310761.0,2,0,0,2
3000,24410661.0,2,0,0,2
3000,24490713.0,1,0,0,1
3000,24520714.0,2,0,0,2
3000,24530725.0,10,0,2,8
3000,24540111.0,6,0,0,6
3000,24580541.0,2,0,0,2
3000,24630724.0,1,0,0,1
3000,24640211.0,8,0,2,6
3000,24650735.0,2,0,0,2
3000,24750661.0,1,0,0,1
3000,24770842.0,8,0,0,8
3000,24810211.0,1,0,0,1
3000,24820713.0,1,0,0,1
3000,24840714.0,8,0,2,6
3000,24880844.0,1,0,0,1
3000,24900716.0,2,0,2,0
3000,24970714.0,4,0,0,4
3000,25030124.0,7,0,0,7
3000,25320223.0,2,0,0,2
3000,25330223.0,2,0,0,2
3000,25430121.0,3,0,1,2
3000,25520724.0,2,0,0,2
3000,25570724.0,1,0,1,0
3000,25610543.0,8,0,0,8
3000,25750735.0,1,0,0,1
3000,25760312.0,1,0,0,1
3000,25810842.0,2,0,0,2
3000,25820842.0,2,0,0,2
3000,25840735.0,1,0,1,0
3000,25950842.0,2,0,0,2
3000,26010412.0,5,0,0,5
3000,26110223.0,1,0,1,0
3000,26330536.0,2,0,0,2
3000,26410713.0,4,0,0,4
3000,26480415.0,1,0,0,1
3000,26490545.0,19,0,2,17
3000,26510545.0,6,0,0,6
3000,26560251.0,6,0,0,6
3000,26620214.0,6,0,1,5
3000,26630735.0,4,0,0,4
3000,26640236.0,5,0,0,5
3000,26820842.0,2,0,2,0
3000,26830735.0,2,0,0,2
3000,26910842.0,4,0,0,4
3000,26940211.0,1,0,0,1
3000,27730214.0,2,0,0,2
3000,27740214.0,3,0,0,3
3000,28040411.0,16,0,2,14
3000,28050251.0,1,0,0,1
3000,28080741.0,1,0,1,0
3000,28130725.0,2,0,2,0
3000,28440715.0,2,0,0,2
3000,28480713.0,4,0,0,4
3000,28670251.0,2,0,2,0
3000,28680721.0,3,0,0,3
3000,28690832.0,2,0,0,2
3000,28740735.0,2,0,0,2
3000,28780001.0,1,0,0,1
3000,28830001.0,1,0,0,1
3000,28880725.0,4,0,0,4
3000,28970001.0,2,0,0,2
3000,29210001.0,2,0,0,2
3000,29330001.0,2,0,0,2
3000,29610001.0,1,0,0,1
3000,29670001.0,1,0,0,1
3000,29870001.0,3,0,0,3
3000,92870548.0,1,0,1,0
3000,92870604.0,2,0,0,2
3000,92870635.0,4,0,2,2
3000,92870656.0,7,0,0,7
3000,92870663.0,1,0,0,1
3000,92870668.0,8,0,0,8
3000,92870670.0,1,0,0,1
3000,92870758.0,1,0,1,0
3000,92870766.0,1,0,0,1
3000,92870789.0,6,0,0,6
3000,92870804.0,4,2,0,2
3000,92870821.0,3,0,0,3
3000,92870846.0,1,0,0,1
3000,92870875.0,1,0,0,1
3000,92870888.0,6,0,0,6
3000,92870904.0,4,0,2,2
3000,92870952.0,1,0,0,1
3000,92870974.0,1,0,0,1
3000,92871045.0,2,0,0,2
3000,92871052.0,2,0,0,2
3000,92871079.0,1,0,1,0
3000,92871141.0,4,0,0,4
3000,92871151.0,1,0,1,0
3000,92871171.0,1,0,0,1
3000,92871182.0,2,0,0,2
3000,92871252.0,1,0,1,0
3000,92871276.0,6,0,1,5
3000,92871279.0,12,0,2,10
3000,92871280.0,2,0,0,2
3000,92871389.0,6,0,2,4
3000,92871401.0,1,0,0,1
3000,92871417.0,4,0,0,4
3000,92871424.0,2,0,0,2
3000,92871458.0,1,0,0,1
3000,92871461.0,6,0,2,4
3000,92871462.0,1,0,0,1
3000,92871586.0,2,0,0,2
3000,92871986.0,4,0,1,3
3000,92872000.0,1,0,0,1
3000,92872007.0,1,0,0,1
3000,92872049.0,1,0,0,1
3000,92872233.0,2,0,2,0
3000,92872248.0,8,0,0,8
3000,92872329.0,2,0,0,2
3000,92872348.0,2,0,0,2
3000,92872446.0,3,0,0,3
3000,92872453.0,4,0,0,4
3000,92872477.0,2,0,2,0
3000,92872554.0,2,0,1,1
3000,92872580.0,8,0,0,8
3000,92872736.0,2,0,0,2
3000,92872779.0,1,0,0,1
3000,92872780.0,1,0,0,1
3000,92872784.0,2,0,0,2
3000,92872786.0,2,0,2,0
3000,92872787.0,2,0,0,2
3000,92872792.0,2,0,0,2
3000,92872795.0,2,0,0,2
3000,92872798.0,2,0,0,2
3000,92872805.0,1,0,0,1
3570,120001.0,1,0,0,1
3570,230001.0,1,0,0,1
3574,51.0,1,0,0,1
3611,12.0,1,0,0,1
3611,13.0,1,0,0,1
3616,20001.0,2,0,0,2
3616,40001.0,2,0,0,2
3616,80001.0,2,0,0,2
3616,130073.0,7,0,0,7
3616,130104.0,1,0,0,1
3616,130133.0,2,0,0,2
3650,42.0,1,0,0,1
3730,20003.0,2,0,0,2
3780,10010.0,2,0,0,2
3780,10064.0,1,0,0,1
3797,36.0,1,0,0,1
4000,10516.0,1,0,1,0
4000,10528.0,8,0,0,8
4000,20223.0,1,0,0,1
4000,30111.0,6,0,0,6
4000,30131.0,5,0,0,5
4000,30223.0,2,0,0,2
4000,50515.0,1,0,0,1
4000,50525.0,3,0,0,3
4000,80224.0,2,0,0,2
4000,80525.0,5,0,0,5
4000,110233.0,2,0,0,2
4000,130223.0,2,0,0,2
4000,140411.0,2,0,0,2
4000,140431.0,1,0,0,1
4000,140616.0,2,0,0,2
4000,150122.0,1,0,0,1
4000,160131.0,2,0,0,2
4000,160525.0,1,0,0,1
4000,180622.0,2,0,0,2
4000,190122.0,1,0,0,1
4000,200422.0,2,0,0,2
4000,210412.0,1,0,0,1
4000,230425.0,2,0,0,2
4000,250224.0,3,0,2,1
4000,250412.0,2,0,0,2
4000,250623.0,4,0,2,2
4000,290113.0,2,0,0,2
4000,290211.0,6,0,2,4
4000,290616.0,3,0,0,3
4000,300112.0,4,0,2,2
4000,300121.0,2,0,2,0
4000,340131.0,1,0,1,0
4000,470131.0,4,0,0,4
4000,7730223.0,5,0,2,3
4000,7750223.0,2,0,0,2
4000,7760223.0,2,0,0,2
4000,7780224.0,2,0,0,2
4000,7800224.0,2,0,0,2
4000,7910213.0,1,0,0,1
4000,7940212.0,1,0,1,0
4000,8050132.0,2,0,0,2
4000,8120132.0,2,0,2,0
4000,8420525.0,4,0,0,4
4000,8490521.0,1,0,0,1
4000,8820421.0,5,0,0,5
4000,9000422.0,3,0,1,2
4000,9020422.0,2,0,0,2
4000,9030425.0,6,0,3,3
4000,9210322.0,2,0,0,2
4000,9430323.0,3,0,3,0
4000,9740422.0,2,0,0,2
4000,9950527.0,2,0,0,2
4000,9970526.0,4,0,0,4
4000,10280523.0,1,0,0,1
4000,10490233.0,2,0,0,2
4000,10520233.0,2,0,2,0
4000,10630313.0,2,0,0,2
4000,10700311.0,2,0,0,2
4000,10820231.0,4,0,2,2
4000,10910232.0,1,0,0,1
4000,11060231.0,1,0,0,1
4000,11080422.0,1,0,1,0
4000,11670122.0,11,0,5,6
4000,12240121.0,10,0,0,10
4000,12830122.0,1,0,0,1
4000,13210524.0,2,0,1,1
4000,14220421.0,2,0,0,2
4000,14280621.0,1,0,1,0
4000,14570313.0,1,0,0,1
4000,14600314.0,2,0,0,2
4000,14620222.0,2,1,1,0
4000,14650222.0,1,0,0,1
4000,14710412.0,5,0,0,5
4000,14730412.0,1,1,0,0
4000,14740412.0,5,0,3,2
4000,14790412.0,1,0,1,0
4000,14860411.0,1,0,0,1
4000,15030132.0,2,0,0,2
4000,16460323.0,9,0,1,8
4000,16510424.0,2,0,0,2
4000,16630121.0,1,0,0,1
4000,16720212.0,3,0,3,0
4000,16730517.0,3,0,0,3
4000,16740131.0,2,0,0,2
4000,16910623.0,4,0,0,4
4000,16990323.0,3,0,0,3
4000,17000742.0,1,0,0,1
4000,17070621.0,2,0,0,2
4000,17100616.0,1,0,0,1
4000,17340323.0,4,0,0,4
4000,17490223.0,6,0,0,6
4000,17530232.0,1,0,0,1
4000,17670010.0,2,0,2,0
4000,17800421.0,4,0,0,4
4000,17830424.0,2,0,0,2
4000,17850952.0,6,0,0,6
4000,17980412.0,2,0,0,2
4000,18060412.0,2,0,0,2
4000,18130001.0,1,0,0,1
4000,18150001.0,2,0,0,2
4000,18160001.0,4,0,0,4
4000,18170001.0,1,0,1,0
4000,18200001.0,4,0,0,4
4000,18260001.0,4,0,0,4
4000,18380039.0,1,0,1,0
4000,18380089.0,2,0,0,2
4000,18380099.0,1,0,0,1
4000,18380182.0,2,0,0,2
4000,18380186.0,2,0,0,2
4000,18380252.0,2,0,2,0
4000,18380271.0,2,0,0,2
4000,18380303.0,2,0,0,2
4000,18380336.0,4,0,0,4
4000,18380346.0,2,0,0,2
4000,18380355.0,4,0,0,4
4000,18380365.0,1,0,0,1
4000,18380370.0,1,0,0,1
4000,18380386.0,4,0,0,4
4000,18380605.0,2,0,0,2
4000,18380618.0,1,0,0,1
4000,18380665.0,9,0,0,9
4000,18380699.0,2,0,0,2
4000,18380717.0,2,0,2,0
4000,18380742.0,2,0,0,2
4000,18380745.0,4,0,0,4
4000,18380810.0,2,0,0,2
4000,18380868.0,4,0,0,4
4000,18380915.0,4,0,0,4
4000,18380972.0,1,0,0,1
4000,18380977.0,1,0,1,0
4000,18380979.0,1,0,0,1
4000,18380985.0,2,0,0,2
4000,18380992.0,1,0,0,1
4100,20001.0,1,0,0,1
4100,70097.0,2,0,0,2
5000,10433.0,2,0,0,2
5000,10624.0,2,0,0,2
5000,10815.0,2,0,0,2
5000,10827.0,1,0,0,1
5000,20227.0,1,0,0,1
5000,20557.0,2,0,0,2
5000,20814.0,1,0,0,1
5000,20912.0,3,0,0,3
5000,30554.0,4,0,0,4
5000,30816.0,2,0,0,2
5000,40624.0,2,0,2,0
5000,40714.0,2,0,0,2
5000,40815.0,4,0,2,2
5000,50517.0,2,0,2,0
5000,50554.0,4,0,2,2
5000,50815.0,2,0,2,0
5000,60422.0,1,0,0,1
5000,60714.0,2,0,0,2
5000,60816.0,2,0,0,2
5000,60822.0,2,0,0,2
5000,70624.0,1,0,0,1
5000,70743.0,1,0,0,1
5000,80431.0,1,0,0,1
5000,80522.0,2,0,0,2
5000,90515.0,3,0,0,3
5000,90556.0,1,0,0,1
5000,90715.0,2,0,0,2
5000,100911.0,2,0,2,0
5000,110815.0,1,0,0,1
5000,140523.0,2,0,2,0
5000,140816.0,2,0,2,0
5000,140921.0,2,0,2,0
5000,160114.0,2,0,0,2
5000,160624.0,2,0,0,2
5000,160911.0,2,0,0,2
5000,230624.0,4,0,0,4
5000,250612.0,3,0,0,3
5000,340744.0,6,0,2,4
5000,480724.0,2,0,0,2
5000,530215.0,3,0,0,3
5000,550225.0,1,0,0,1
5000,570523.0,2,0,0,2
5000,5313001.0,2,0,0,2
5000,7330313.0,2,0,0,2
5000,7430317.0,2,0,0,2
5000,7440317.0,2,0,2,0
5000,7630325.0,6,0,1,5
5000,7650326.0,1,0,1,0
5000,7700331.0,1,0,1,0
5000,7860341.0,2,0,2,0
5000,7870341.0,2,0,0,2
5000,8030337.0,2,0,0,2
5000,8340431.0,2,0,0,2
5000,8580344.0,3,0,0,3
5000,8600344.0,1,0,0,1
5000,8610344.0,1,0,0,1
5000,8710345.0,2,0,0,2
5000,8740345.0,5,0,1,4
5000,8920433.0,8,0,0,8
5000,8960432.0,2,0,0,2
5000,9190323.0,1,0,0,1
5000,9400316.0,7,0,0,7
5000,9450421.0,5,0,4,1
5000,9770414.0,2,0,0,2
5000,9850413.0,5,0,0,5
5000,9910422.0,1,0,0,1
5000,9920422.0,2,0,0,2
5000,9980413.0,9,0,0,9
5000,10060423.0,1,0,0,1
5000,10100424.0,4,0,2,2
5000,10150424.0,1,0,0,1
5000,10160424.0,2,0,0,2
5000,10180424.0,2,0,0,2
5000,10220434.0,4,0,0,4
5000,10500817.0,2,0,0,2
5000,10690513.0,1,0,0,1
5000,10800517.0,2,0,0,2
5000,10830517.0,2,0,0,2
5000,10900516.0,1,0,0,1
5000,11180522.0,4,0,2,2
5000,11270523.0,2,0,0,2
5000,11420534.0,5,0,2,3
5000,11450534.0,2,0,0,2
5000,11460541.0,2,0,0,2
5000,11680545.0,2,0,0,2
5000,11780613.0,5,0,0,5
5000,11840612.0,4,0,2,2
5000,11890612.0,2,0,2,0
5000,11950611.0,2,0,0,2
5000,11960611.0,1,0,0,1
5000,12260911.0,2,0,2,0
5000,12280911.0,3,0,0,3
5000,12490623.0,2,0,2,0
5000,12500912.0,1,0,1,0
5000,12690913.0,4,0,0,4
5000,12920551.0,2,0,0,2
5000,12950556.0,10,2,0,8
5000,12960556.0,1,0,0,1
5000,12970556.0,8,0,2,6
5000,13000556.0,2,0,0,2
5000,13020557.0,1,0,0,1
5000,13030557.0,5,0,2,3
5000,13230555.0,2,0,0,2
5000,13340815.0,1,0,0,1
5000,13370814.0,3,0,0,3
5000,13430812.0,1,0,0,1
5000,13510812.0,1,0,0,1
5000,13520814.0,2,0,0,2
5000,13530713.0,5,0,4,1
5000,14290714.0,6,0,0,6
5000,14350714.0,6,0,0,6
5000,14360714.0,2,0,0,2
5000,14390711.0,2,0,0,2
5000,14510713.0,2,0,0,2
5000,14540714.0,2,0,0,2
5000,14550714.0,1,0,0,1
5000,14560714.0,1,0,0,1
5000,14590825.0,3,0,0,3
5000,14620713.0,3,0,0,3
5000,14730823.0,2,0,0,2
5000,14880823.0,4,0,2,2
5000,14900823.0,8,2,0,6
5000,14970816.0,1,0,1,0
5000,15000817.0,4,2,0,2
5000,15170817.0,2,0,2,0
5000,15240927.0,2,0,2,0
5000,15250925.0,6,0,0,6
5000,15270924.0,2,0,2,0
5000,15600733.0,2,0,0,2
5000,15760734.0,10,0,0,10
5000,15840734.0,2,0,2,0
5000,15850725.0,1,0,0,1
5000,15930724.0,1,0,0,1
5000,15990732.0,2,0,0,2
5000,16000732.0,1,0,0,1
5000,16080732.0,2,0,0,2
5000,16210711.0,1,0,0,1
5000,16270721.0,1,0,0,1
5000,16540221.0,2,0,0,2
5000,16810122.0,5,0,1,4
5000,17000211.0,3,0,3,0
5000,17060212.0,2,0,0,2
5000,17070212.0,2,0,0,2
5000,17120213.0,1,0,0,1
5000,17140215.0,3,0,0,3
5000,17430225.0,3,0,0,3
5000,17440225.0,2,0,0,2
5000,17600551.0,6,0,2,4
5000,17640554.0,1,0,0,1
5000,17680554.0,2,0,0,2
5000,17730555.0,5,1,0,4
5000,17800926.0,1,0,1,0
5000,17830926.0,1,0,0,1
5000,17850921.0,5,0,0,5
5000,18010924.0,2,0,2,0
5000,18040924.0,1,0,0,1
5000,18060924.0,3,0,1,2
5000,18100921.0,3,0,0,3
5000,18380937.0,1,0,1,0
5000,18460933.0,4,0,4,0
5000,18560937.0,3,0,0,3
5000,18630532.0,4,0,0,4
5000,18810533.0,1,0,0,1
5000,19190931.0,1,0,0,1
5000,19520934.0,1,0,0,1
5000,20420735.0,9,0,2,7
5000,20530725.0,1,0,0,1
5000,20700111.0,10,0,4,6
5000,20720111.0,4,0,0,4
5000,20780125.0,4,0,0,4
5000,20820125.0,1,0,0,1
5000,20880113.0,2,2,0,0
5000,21200744.0,5,0,0,5
5000,21220744.0,2,0,2,0
5000,21270744.0,2,0,0,2
5000,22330933.0,1,0,0,1
5000,22610125.0,1,0,0,1
5000,23550121.0,1,0,0,1
5000,23850114.0,2,0,0,2
5000,23870532.0,2,0,0,2
5000,23910937.0,2,0,2,0
5000,23920122.0,2,0,0,2
5000,24010531.0,1,0,1,0
5000,24140826.0,1,0,0,1
5000,24170112.0,9,0,0,9
5000,24180225.0,2,0,0,2
5000,24200942.0,1,0,0,1
5000,24320934.0,1,0,1,0
5000,24350531.0,1,0,1,0
5000,24380215.0,2,0,2,0
5000,24600214.0,1,0,0,1
5000,24800244.0,2,0,0,2
5000,24810225.0,1,0,0,1
5000,25070122.0,1,0,0,1
5000,25430112.0,3,0,0,3
5000,25440222.0,2,0,0,2
5000,25630222.0,3,0,0,3
5000,25740943.0,3,0,0,3
5000,52980001.0,2,0,0,2
5000,53000001.0,2,0,0,2
5000,60350943.0,4,2,0,2
5000,60400943.0,2,0,0,2
5000,80040125.0,1,0,0,1
5000,80130554.0,2,0,0,2
5000,80150397.0,3,0,0,3
5000,80150483.0,1,0,1,0
5000,80150502.0,2,0,0,2
5000,80150533.0,3,1,0,2
5000,80150544.0,2,0,0,2
5000,80150574.0,3,0,3,0
5000,80150615.0,1,0,0,1
5000,80150675.0,3,1,0,2
5000,80150679.0,1,1,0,0
5000,80150684.0,2,0,0,2
5000,80150765.0,2,0,0,2
5000,80150783.0,1,0,0,1
5000,80150879.0,2,0,0,2
5000,80150888.0,2,0,2,0
5000,80150917.0,1,0,0,1
5000,80150931.0,1,0,0,1
5000,80150944.0,1,0,0,1
5000,80151147.0,2,0,0,2
5000,80151220.0,2,0,0,2
5000,80151338.0,1,0,0,1
5000,80151401.0,1,0,0,1
5000,80151416.0,2,0,2,0
5000,80151491.0,2,0,0,2
5000,80151659.0,1,0,0,1
5000,80152037.0,2,0,2,0
6000,2.0,2,0,0,2
6000,3.0,3,0,3,0
6100,30041.0,1,0,0,1
6100,60013.0,2,0,0,2
6100,60025.0,1,0,1,0
6100,120011.0,3,0,0,3
6100,130054.0,1,0,1,0
6100,160021.0,4,0,0,4
6100,180012.0,3,0,0,3
6100,340042.0,1,0,0,1
6100,350043.0,1,0,1,0
6100,690042.0,2,0,0,2
6100,810042.0,1,0,0,1
6100,7740011.0,4,0,4,0
6100,7790016.0,1,0,0,1
6100,7880015.0,3,0,3,0
6100,7930014.0,3,0,2,1
6100,8160013.0,1,0,0,1
6100,8230012.0,1,0,0,1
6100,8260012.0,2,0,0,2
6100,8270012.0,3,0,1,2
6100,8320031.0,1,0,0,1
6100,8470025.0,1,0,0,1
6100,8560024.0,2,0,0,2
6100,8730022.0,3,0,0,3
6100,8770021.0,1,0,1,0
6100,8820021.0,2,0,0,2
6100,8940022.0,1,0,1,0
6100,9000022.0,1,0,0,1
6100,9360043.0,1,0,0,1
6100,9520041.0,1,0,0,1
6100,9680042.0,1,0,0,1
6100,9890041.0,2,0,2,0
6100,10140014.0,3,0,2,1
6100,10360016.0,2,0,0,2
6100,10370025.0,1,0,0,1
6100,10590001.0,1,0,0,1
6100,67630011.0,16,0,2,14
6100,67750011.0,2,0,0,2
6100,67750026.0,1,0,0,1
6100,67750041.0,1,0,0,1
6100,67750068.0,1,0,0,1
6100,67750091.0,1,0,0,1
6100,67750100.0,1,0,1,0
6100,67750146.0,1,0,0,1
6100,67750173.0,1,0,0,1
6200,20032.0,2,0,0,2
6200,30021.0,1,0,0,1
6200,30023.0,2,0,2,0
6200,90023.0,2,0,0,2
6200,90032.0,2,0,0,2
6200,90033.0,2,0,2,0
6200,140033.0,1,0,0,1
6200,200032.0,7,0,0,7
6200,250032.0,2,0,0,2
6200,7490011.0,2,0,2,0
6200,7500013.0,1,0,0,1
6200,7670023.0,2,0,0,2
6200,7690023.0,4,0,0,4
6200,7770031.0,6,0,0,6
6200,7810031.0,2,0,0,2
6200,7820031.0,2,0,2,0
6200,7870032.0,2,0,0,2
6200,7880032.0,1,0,1,0
6200,7890032.0,2,0,0,2
6200,7920032.0,1,0,0,1
6200,8000033.0,15,0,6,9
6200,8010033.0,6,0,2,4
6200,8020033.0,2,0,0,2
6200,8040033.0,2,0,0,2
6200,8180061.0,2,0,0,2
6200,8190051.0,2,0,0,2
6200,8200052.0,2,0,0,2
6200,8210041.0,3,0,2,1
6200,8230041.0,1,0,1,0
6200,8470012.0,2,0,0,2
6200,8480012.0,2,0,2,0
6200,8490012.0,3,0,0,3
6200,8540011.0,2,0,0,2
6200,8930061.0,2,0,1,1
6200,8940031.0,3,1,1,1
6200,8960051.0,2,0,0,2
6200,9070213.0,1,0,0,1
6200,9210033.0,1,0,0,1
6200,10070083.0,2,0,0,2
6200,68880031.0,2,0,0,2
6200,80230079.0,3,0,2,1
6200,80230106.0,1,0,1,0
6200,80230140.0,1,0,0,1
6300,390042.0,1,0,0,1
6300,7490010.0,1,0,0,1
6300,7920003.0,4,0,0,4
6300,8010004.0,1,0,1,0
6300,8020008.0,1,0,0,1
6300,8150009.0,2,0,0,2
6300,8180011.0,1,0,0,1
6300,8440005.0,1,0,0,1
6300,8980009.0,6,0,2,4
6300,47840003.0,3,0,0,3
6300,47860028.0,2,0,0,2
6300,47860047.0,1,0,0,1
6400,120004.0,1,0,1,0
6400,240022.0,10,0,0,10
6400,410009.0,2,0,0,2
6400,550007.0,2,0,0,2
6400,820007.0,2,0,0,2
6400,1070009.0,1,0,0,1
6400,1080007.0,1,0,0,1
6400,1160007.0,2,0,0,2
6400,1180007.0,4,0,0,4
6400,7820009.0,2,0,0,2
6400,8220011.0,2,0,0,2
6400,8260002.0,2,0,0,2
6400,8270005.0,2,0,2,0
6400,8510004.0,2,0,2,0
6400,8530004.0,3,0,0,3
6400,8560004.0,3,0,0,3
6400,9810033.0,4,0,0,4
6400,9850034.0,2,0,0,2
6400,10290021.0,4,0,2,2
6400,10350008.0,2,0,0,2
6400,10500159.0,1,0,0,1
6400,10500350.0,3,0,1,2
6400,10500351.0,2,0,0,2
6500,60007.0,12,0,2,10
6500,120007.0,1,0,0,1
6500,170007.0,3,0,0,3
6500,210007.0,4,0,0,4
6500,230008.0,1,0,0,1
6500,250007.0,7,0,0,7
6500,280008.0,2,0,0,2
6500,310005.0,1,0,0,1
6500,320007.0,2,0,0,2
6500,390004.0,2,0,0,2
6500,7730007.0,2,0,0,2
6500,7740007.0,1,0,0,1
6500,7790007.0,2,0,0,2
6500,7860004.0,15,0,4,11
6500,8040002.0,1,0,0,1
6500,8060002.0,1,0,1,0
6500,8350001.0,2,2,0,0
6500,8520001.0,2,0,0,2
6500,9120004.0,2,0,0,2
6500,9220009.0,2,0,0,2
6500,9290009.0,3,0,3,0
6500,9400004.0,2,0,0,2
6500,9510004.0,4,0,0,4
6500,9600014.0,4,0,0,4
6500,9780007.0,2,0,0,2
6500,9800053.0,2,0,0,2
6500,9800130.0,2,0,0,2
6500,9800132.0,5,0,0,5
6500,9800154.0,2,0,0,2
6500,9800200.0,1,0,0,1
6500,9800443.0,1,0,0,1
6500,9800532.0,2,0,0,2
6500,9800555.0,3,0,0,3
6500,9800557.0,1,0,0,1
6600,10052.0,2,0,2,0
6600,10054.0,2,0,2,0
6600,40012.0,1,0,0,1
6600,100041.0,1,0,0,1
6600,110012.0,1,0,1,0
6600,120012.0,1,0,0,1
6600,170011.0,1,0,1,0
6600,170012.0,2,0,2,0
6600,180024.0,2,0,0,2
6600,190011.0,2,0,1,1
6600,260052.0,2,0,0,2
6600,330042.0,3,0,3,0
6600,330062.0,1,0,0,1
6600,360042.0,1,0,0,1
6600,380042.0,1,0,1,0
6600,7090000.0,2,0,0,2
6600,7660041.0,1,0,0,1
6600,7770034.0,1,0,0,1
6600,7990042.0,4,0,2,2
6600,8120051.0,1,0,0,1
6600,8150051.0,1,0,1,0
6600,8220052.0,4,0,0,4
6600,8260053.0,2,0,2,0
6600,8270053.0,3,0,0,3
6600,8400034.0,2,0,0,2
6600,8690056.0,2,0,0,2
6600,8710056.0,2,0,0,2
6600,8740056.0,6,0,0,6
6600,8960073.0,2,0,0,2
6600,8970074.0,1,0,0,1
6600,8990071.0,4,0,4,0
6600,9040011.0,6,0,2,4
6600,9140022.0,1,0,1,0
6600,9170022.0,4,0,0,4
6600,9210023.0,1,0,0,1
6600,9660011.0,2,0,0,2
6600,9670011.0,2,0,0,2
6600,9910052.0,1,0,1,0
6600,9930054.0,4,0,0,4
6600,10120023.0,1,0,0,1
6600,10140055.0,9,0,2,7
6600,10170071.0,2,0,0,2
6600,10180074.0,1,0,0,1
6600,10240123.0,4,0,1,3
6600,10300412.0,1,0,0,1
6600,10390071.0,4,0,0,4
6600,10420054.0,1,0,0,1
6600,10720056.0,2,0,2,0
6600,10750011.0,2,0,0,2
6600,10880056.0,6,0,4,2
6600,10930835.0,1,0,0,1
6600,11100001.0,1,0,0,1
6600,11100006.0,2,0,0,2
6600,11100157.0,1,0,0,1
6600,11100309.0,4,4,0,0
6600,11100319.0,1,0,0,1
6600,11100351.0,2,0,0,2
6600,11100356.0,1,0,0,1
6700,90004.0,2,0,0,2
6700,350001.0,1,0,1,0
6700,7480001.0,2,0,0,2
6700,7600002.0,2,0,0,2
6700,7620002.0,4,0,0,4
6700,7690002.0,1,0,1,0
6700,7960002.0,2,0,2,0
6700,8030003.0,2,0,0,2
6700,8090006.0,7,0,2,5
6700,8600177.0,2,0,0,2
6700,8600178.0,2,0,0,2
6800,30005.0,2,0,0,2
6800,230006.0,1,0,0,1
6800,250005.0,1,0,1,0
6800,270005.0,1,0,0,1
6800,310006.0,1,1,0,0
6800,390005.0,3,0,0,3
6800,540005.0,2,0,0,2
6800,7910004.0,3,0,0,3
6800,7960004.0,2,0,0,2
6800,8130002.0,3,0,1,2
6800,8140002.0,1,0,1,0
6800,13220012.0,12,0,0,12
6800,13240002.0,2,0,0,2
6800,13290041.0,2,0,2,0
6800,13290073.0,4,0,0,4
6800,13290074.0,4,0,0,4
6800,13290101.0,2,0,2,0
6900,20003.0,2,0,0,2
6900,40003.0,2,0,0,2
6900,200005.0,1,0,0,1
6900,200006.0,2,0,0,2
6900,280007.0,2,0,0,2
6900,350005.0,2,0,0,2
6900,450007.0,1,1,0,0
6900,1020008.0,4,0,2,2
6900,7280007.0,2,0,0,2
6900,7290007.0,4,0,2,2
6900,7310007.0,2,0,0,2
6900,7350007.0,4,0,0,4
6900,7400007.0,3,0,0,3
6900,7750004.0,1,0,0,1
6900,7810005.0,6,0,0,6
6900,7830006.0,2,0,0,2
6900,8300004.0,1,0,0,1
6900,8800002.0,6,0,0,6
6900,12540003.0,2,0,0,2
6900,12700001.0,1,0,0,1
6900,12800006.0,5,0,0,5
6900,12860012.0,2,0,0,2
6900,13030043.0,3,0,0,3
6900,13030222.0,1,0,0,1
6900,13030229.0,4,0,0,4
6900,13030310.0,1,0,0,1
6900,13030394.0,1,0,1,0
6900,13030396.0,1,0,0,1
7000,60003.0,2,0,0,2
7000,8160001.0,2,0,0,2
7000,8210001.0,2,2,0,0
7000,8260002.0,1,0,1,0
7000,8350002.0,2,0,0,2
7000,9240006.0,2,0,0,2
7000,9250002.0,1,0,0,1
7000,12840016.0,2,0,0,2
7000,12840034.0,2,0,0,2
7000,12840205.0,1,0,0,1
7100,100011.0,1,0,0,1
7100,360003.0,6,0,0,6
7100,570002.0,1,0,0,1
7100,600003.0,1,0,0,1
7100,1440002.0,4,0,0,4
7100,1560002.0,1,0,0,1
7100,1590002.0,2,0,0,2
7100,1600002.0,2,0,0,2
7100,7820003.0,4,0,0,4
7100,7900006.0,6,0,0,6
7100,7940002.0,2,0,0,2
7100,7960002.0,4,0,0,4
7100,7990002.0,2,0,0,2
7100,8020002.0,2,0,0,2
7100,8190009.0,1,0,1,0
7100,8210009.0,1,0,1,0
7100,8220008.0,3,0,3,0
7100,8230008.0,4,0,0,4
7100,8250010.0,1,0,0,1
7100,8280008.0,1,0,0,1
7100,8300008.0,1,0,0,1
7100,8450006.0,2,0,0,2
7100,8460006.0,2,0,2,0
7100,8550002.0,2,0,0,2
7100,8640009.0,6,0,0,6
7100,8660004.0,6,0,0,6
7100,8750001.0,1,0,0,1
7100,8770021.0,4,0,0,4
7100,8780021.0,5,0,0,5
7100,8830021.0,2,0,0,2
7100,8920021.0,1,0,0,1
7100,9860001.0,2,0,0,2
7100,9890002.0,3,0,0,3
7100,9920021.0,4,0,0,4
7100,9930002.0,13,0,0,13
7100,10130033.0,2,0,0,2
7100,10510017.0,2,0,0,2
7100,10590021.0,1,0,0,1
7100,10790001.0,1,0,1,0
7100,10800029.0,1,0,0,1
7100,10800080.0,1,0,1,0
7100,10800246.0,3,3,0,0
7100,10800341.0,8,0,0,8
7100,10800344.0,7,0,0,7
7100,10800352.0,2,0,0,2
7100,10800362.0,2,0,0,2
7100,10800444.0,2,0,0,2
7100,10800457.0,2,0,0,2
7200,70001.0,2,0,0,2
7200,410001.0,2,0,0,2
7200,7210002.0,1,0,1,0
7200,7240001.0,2,0,2,0
7200,7420002.0,6,0,0,6
7200,7500001.0,5,0,0,5
7200,17800001.0,2,0,0,2
7200,17810032.0,1,0,0,1
7200,17810060.0,1,0,0,1
7200,17810179.0,4,0,0,4
7200,17810189.0,3,0,0,3
7200,17810220.0,2,0,2,0
7300,250005.0,2,0,0,2
7300,8960002.0,1,0,0,1
7300,9160031.0,2,0,2,0
7300,9510006.0,2,0,0,2
7300,9820001.0,2,2,0,0
7300,91980001.0,2,0,0,2
7300,91980244.0,1,0,0,1
7400,30053.0,4,0,0,4
7400,60034.0,2,0,0,2
7400,70031.0,1,0,1,0
7400,80021.0,2,0,2,0
7400,80032.0,2,0,0,2
7400,100011.0,4,0,0,4
7400,100031.0,2,0,0,2
7400,110031.0,2,0,0,2
7400,110041.0,4,0,2,2
7400,130031.0,1,0,0,1
7400,150031.0,3,0,0,3
7400,160053.0,4,0,0,4
7400,190041.0,2,0,0,2
7400,200041.0,1,0,0,1
7400,210053.0,2,0,1,1
7400,240032.0,1,0,0,1
7400,250021.0,1,0,0,1
7400,250031.0,1,0,0,1
7400,260021.0,1,0,0,1
7400,280035.0,2,0,0,2
7400,300033.0,2,0,0,2
7400,450051.0,2,0,0,2
7400,510022.0,2,2,0,0
7400,670022.0,2,0,0,2
7400,690042.0,4,0,0,4
7400,910035.0,2,0,2,0
7400,7080022.0,1,0,1,0
7400,7810011.0,4,0,0,4
7400,7830011.0,1,1,0,0
7400,7950012.0,2,0,0,2
7400,7970012.0,6,0,0,6
7400,8030012.0,1,0,0,1
7400,8040012.0,2,0,0,2
7400,8190021.0,1,0,0,1
7400,8210022.0,2,0,0,2
7400,8260021.0,1,0,0,1
7400,8380023.0,4,0,0,4
7400,8450031.0,1,0,0,1
7400,8460031.0,2,0,0,2
7400,8550031.0,2,0,0,2
7400,8620023.0,2,0,0,2
7400,8640021.0,6,0,0,6
7400,8650023.0,1,0,0,1
7400,8840033.0,1,0,0,1
7400,8970035.0,3,0,0,3
7400,9020032.0,2,0,0,2
7400,9050035.0,2,0,0,2
7400,9130033.0,12,0,0,12
7400,9310051.0,1,0,0,1
7400,9370051.0,2,0,0,2
7400,9800033.0,5,0,0,5
7400,9860314.0,2,0,0,2
7400,9890314.0,1,0,0,1
7400,9900314.0,4,0,0,4
7400,9940053.0,1,0,0,1
7400,9950313.0,6,0,2,4
7400,9970053.0,12,0,0,12
7400,10000051.0,4,0,0,4
7400,10010313.0,1,0,0,1
7400,10090313.0,8,0,2,6
7400,10180323.0,2,0,0,2
7400,10190314.0,3,0,0,3
7400,10220113.0,1,0,0,1
7400,10490001.0,7,0,0,7
7400,10590029.0,1,0,0,1
7400,10590078.0,2,0,0,2
7400,10590080.0,2,0,0,2
7400,10590092.0,12,0,0,12
7400,10590095.0,1,1,0,0
7400,10590128.0,2,0,0,2
7400,10590185.0,1,0,0,1
7400,10590189.0,2,0,0,2
7400,10590237.0,1,0,0,1
7400,10590262.0,2,0,0,2
7400,10590335.0,2,0,2,0
7400,10590353.0,1,0,0,1
7400,10590359.0,4,0,0,4
7400,10590364.0,1,0,0,1
7400,10590376.0,1,0,1,0
7400,10590381.0,2,0,2,0
7400,10590420.0,1,0,0,1
7400,10590422.0,4,0,0,4
7400,10590439.0,2,0,0,2
7400,10590502.0,2,0,0,2
7400,10590509.0,2,0,0,2
7400,10590511.0,1,0,0,1
7400,10590523.0,1,0,0,1
7600,100005.0,2,0,0,2
7600,190005.0,1,0,0,1
7600,200006.0,2,0,0,2
7600,240001.0,2,0,0,2
7600,320006.0,1,0,0,1
7600,7470001.0,2,0,0,2
7600,7620005.0,1,0,0,1
7600,7660001.0,2,0,0,2
7600,7880004.0,7,4,1,2
7600,8080004.0,1,0,0,1
7600,8100002.0,6,0,2,4
7600,8190003.0,1,0,0,1
7600,10440034.0,1,0,0,1
7600,10440093.0,3,0,0,3
7600,10440172.0,1,0,0,1
7600,10440192.0,1,0,0,1
7700,400002.0,2,0,0,2
7700,830003.0,2,0,0,2
7700,7440002.0,2,0,0,2
7700,7490002.0,2,0,0,2
7700,8090003.0,2,0,0,2
7700,8150005.0,1,0,0,1
7700,8230004.0,3,0,0,3
7700,8310001.0,1,0,0,1
7700,8360001.0,3,0,0,3
7700,8370184.0,2,0,0,2
7700,8370258.0,2,0,0,2
7800,100002.0,6,0,0,6
7800,140005.0,2,0,0,2
7800,180002.0,2,0,0,2
7800,190002.0,4,0,0,4
7800,220002.0,3,0,0,3
7800,280004.0,4,0,0,4
7800,530005.0,4,0,0,4
7800,610005.0,2,0,0,2
7800,7660002.0,2,0,0,2
7800,7870002.0,1,0,0,1
7800,7890002.0,2,0,0,2
7800,7910002.0,2,0,0,2
7800,8690003.0,2,0,0,2
7800,8760003.0,4,0,0,4
7800,8840017.0,1,0,0,1
7800,8840029.0,2,0,0,2
7800,8840035.0,2,0,0,2
7800,8840076.0,1,0,0,1
7800,8840095.0,1,0,0,1
7800,8840139.0,2,0,0,2
7800,8840179.0,2,0,0,2
7800,8840299.0,2,0,0,2
7900,10022.0,2,0,0,2
7900,20031.0,1,0,0,1
7900,20041.0,1,0,0,1
7900,30041.0,3,0,1,2
7900,30054.0,1,0,0,1
7900,40014.0,1,0,0,1
7900,40041.0,2,0,0,2
7900,70032.0,2,0,0,2
7900,70064.0,3,0,0,3
7900,100043.0,1,0,0,1
7900,110024.0,2,0,0,2
7900,130031.0,2,0,0,2
7900,150023.0,2,0,0,2
7900,150061.0,1,0,0,1
7900,160023.0,1,0,0,1
7900,160041.0,2,0,0,2
7900,170033.0,4,0,0,4
7900,170042.0,1,0,0,1
7900,170055.0,1,0,1,0
7900,180014.0,2,0,2,0
7900,180042.0,1,0,1,0
7900,210055.0,2,0,0,2
7900,220041.0,2,0,0,2
7900,300052.0,2,0,2,0
7900,310052.0,1,0,0,1
7900,560053.0,1,0,0,1
7900,590053.0,2,0,0,2
7900,590062.0,2,0,0,2
7900,620062.0,2,0,0,2
7900,690062.0,2,0,0,2
7900,8310012.0,2,0,2,0
7900,8440012.0,1,0,0,1
7900,8470012.0,2,0,0,2
7900,8490012.0,2,0,0,2
7900,8540012.0,2,0,0,2
7900,8610023.0,1,0,0,1
7900,8660022.0,2,0,0,2
7900,8810021.0,1,0,0,1
7900,8830033.0,2,0,1,1
7900,8850022.0,2,0,0,2
7900,8940032.0,5,0,2,3
7900,9020032.0,2,0,0,2
7900,9030032.0,2,0,0,2
7900,9060032.0,2,0,0,2
7900,9090032.0,2,0,0,2
7900,9100032.0,2,0,0,2
7900,9220033.0,2,0,0,2
7900,9230033.0,2,0,0,2
7900,9280033.0,1,0,0,1
7900,9300021.0,4,0,2,2
7900,9390014.0,4,0,0,4
7900,9410014.0,5,0,0,5
7900,9430042.0,2,0,0,2
7900,9490041.0,4,0,0,4
7900,9510043.0,2,0,0,2
7900,9520043.0,1,0,0,1
7900,9540014.0,1,0,0,1
7900,9550014.0,3,0,0,3
7900,9770062.0,2,0,0,2
7900,9830062.0,6,0,0,6
7900,9850054.0,3,0,0,3
7900,9880054.0,1,0,0,1
7900,9900052.0,2,0,0,2
7900,9930052.0,2,0,0,2
7900,10010053.0,2,0,0,2
7900,10460041.0,2,0,0,2
7900,10480041.0,1,0,0,1
7900,10510031.0,2,0,2,0
7900,10890024.0,2,0,2,0
7900,11070061.0,2,0,0,2
7900,11170115.0,2,0,0,2
7900,11200014.0,3,0,0,3
7900,11300414.0,1,0,0,1
7900,11370031.0,3,0,0,3
7900,11510121.0,2,0,0,2
7900,11570011.0,4,0,0,4
7900,11590033.0,4,0,0,4
7900,11720111.0,2,0,0,2
7900,11740117.0,2,0,0,2
7900,11770121.0,12,0,2,10
7900,11780011.0,4,0,0,4
7900,11790115.0,2,0,0,2
7900,11850011.0,2,0,1,1
7900,11890117.0,4,2,0,2
7900,17100011.0,11,0,0,11
7900,17130001.0,8,0,0,8
7900,17200001.0,2,0,0,2
7900,17220001.0,1,0,0,1
7900,17330001.0,3,0,0,3
7900,17360001.0,2,0,2,0
7900,17400001.0,4,2,0,2
7900,17460001.0,2,0,0,2
7900,99970078.0,2,0,0,2
7900,99970104.0,2,0,0,2
7900,99970119.0,2,0,0,2
7900,99970141.0,1,0,1,0
7900,99970283.0,2,0,0,2
7900,99970296.0,4,0,0,4
7900,99970314.0,5,2,0,3
7900,99970319.0,1,0,0,1
7900,99970345.0,1,0,0,1
7900,99970349.0,2,0,0,2
7900,99970381.0,2,0,0,2
7900,99970417.0,1,0,0,1
7900,99970461.0,5,0,0,5
7900,99970465.0,2,0,0,2
7900,99970487.0,2,0,2,0
7900,99970512.0,6,0,0,6
7900,99970516.0,1,0,0,1
7900,99970551.0,2,0,0,2
7900,99970571.0,3,0,0,3
7900,99970575.0,1,0,0,1
7900,99970698.0,1,1,0,0
7900,99970731.0,1,0,0,1
7900,99970737.0,1,0,1,0
8000,7240002.0,2,0,0,2
8000,7870004.0,2,0,0,2
8200,350002.0,1,0,1,0
8200,7280001.0,2,0,0,2
8200,7350001.0,1,0,0,1
8200,7420003.0,2,0,0,2
8200,7690002.0,1,0,0,1
8200,12320002.0,2,0,0,2
8200,12340005.0,1,0,0,1
8200,12450001.0,1,0,0,1
8200,12500025.0,1,0,0,1
8200,12500070.0,1,0,0,1
8300,50005.0,1,0,0,1
8300,70003.0,2,0,0,2
8300,160006.0,1,0,0,1
8300,180002.0,1,0,0,1
8300,540007.0,1,0,0,1
8300,7300023.0,3,0,1,2
8300,7670010.0,1,0,1,0
8300,7920008.0,1,0,0,1
8300,7960008.0,1,0,0,1
8300,7990009.0,1,0,0,1
8300,8550021.0,4,0,3,1
8300,8610007.0,1,0,0,1
8300,8670004.0,2,0,0,2
8300,8720005.0,3,0,0,3
8300,8730005.0,3,0,0,3
8300,8950005.0,2,0,0,2
8300,9140004.0,1,1,0,0
8300,9190004.0,3,0,2,1
8300,9240003.0,3,0,0,3
8300,10270315.0,4,0,2,2
8300,10320315.0,6,0,2,4
8300,18110008.0,3,0,0,3
8300,18140111.0,4,0,0,4
8300,18240010.0,2,0,0,2
8300,18540315.0,3,0,0,3
8300,18610008.0,1,0,1,0
8300,19010136.0,2,0,2,0
8300,19270311.0,2,0,2,0
8300,19520322.0,2,0,2,0
8300,19860322.0,2,0,2,0
8300,20170001.0,2,0,0,2
8300,20220001.0,1,0,0,1
8300,20260001.0,2,0,0,2
8300,20290001.0,2,0,0,2
8300,20340001.0,2,0,2,0
8300,20390008.0,2,0,2,0
8300,20390339.0,2,0,0,2
8300,20390352.0,2,0,0,2
8300,20390613.0,2,0,0,2
8300,20390660.0,4,0,0,4
8300,20390661.0,1,0,0,1
8300,20390678.0,2,0,0,2
8300,20390779.0,2,0,0,2
8300,20390833.0,2,0,0,2
8300,20390849.0,2,0,0,2
8300,20390894.0,2,0,0,2
8300,20390895.0,5,0,2,3
8300,20390902.0,1,0,0,1
8400,110007.0,1,0,0,1
8400,110009.0,1,0,0,1
8400,290004.0,4,0,0,4
8400,7230000.0,2,0,0,2
8400,7900005.0,1,0,1,0
8400,8170007.0,2,0,0,2
8400,8370010.0,2,0,0,2
8400,8400010.0,2,0,0,2
8400,8430010.0,1,0,0,1
8400,8450010.0,2,0,0,2
8400,8470010.0,1,0,0,1
8400,8600005.0,2,0,0,2
8400,8630005.0,2,0,0,2
8400,8670005.0,3,0,0,3
8400,8980008.0,1,0,1,0
8400,9000008.0,1,0,0,1
8400,9180006.0,4,0,0,4
8400,12030011.0,2,0,0,2
8400,12130007.0,1,0,0,1
8400,12170004.0,3,0,0,3
8400,12190011.0,2,0,0,2
8400,12260001.0,4,0,2,2
8400,17760005.0,2,0,0,2
8400,17890040.0,2,0,0,2
8400,17890093.0,4,0,0,4
8400,17890122.0,1,0,1,0
8400,17890179.0,2,0,0,2
8400,17890181.0,1,0,0,1
8400,17890289.0,1,0,0,1
8400,17890337.0,4,0,4,0
8400,17890415.0,4,0,0,4
8500,7950003.0,1,0,1,0
8500,7970003.0,4,0,0,4
8500,8280004.0,2,0,0,2
8500,10030065.0,1,1,0,0
8500,10030201.0,1,0,0,1
8500,10030235.0,1,0,0,1
8500,10030255.0,2,0,0,2
8600,10123.0,1,0,0,1
8600,60222.0,19,0,0,19
8600,80121.0,1,0,0,1
8600,80231.0,1,0,0,1
8600,90121.0,2,0,0,2
8600,100234.0,2,0,0,2
8600,130112.0,1,0,0,1
8600,150117.0,6,0,2,4
8600,150216.0,1,0,1,0
8600,210225.0,2,0,0,2
8600,220215.0,1,0,0,1
8600,220216.0,1,0,0,1
8600,260215.0,1,0,0,1
8600,310117.0,4,0,0,4
8600,380231.0,2,0,0,2
8600,390225.0,1,0,0,1
8600,7430215.0,1,0,0,1
8600,7720223.0,2,0,0,2
8600,7730227.0,4,0,0,4
8600,7810223.0,1,0,1,0
8600,8300214.0,1,0,0,1
8600,8520212.0,1,0,0,1
8600,8580214.0,1,0,0,1
8600,9020123.0,2,0,2,0
8600,9230123.0,2,0,2,0
8600,9430124.0,1,0,0,1
8600,9470113.0,1,0,1,0
8600,9520113.0,1,0,1,0
8600,9570115.0,4,0,0,4
8600,9590122.0,1,0,0,1
8600,9790117.0,2,0,0,2
8600,9910116.0,4,0,0,4
8600,10020114.0,1,0,0,1
8600,10050111.0,10,0,7,3
8600,10080115.0,1,0,0,1
8600,10260111.0,2,0,0,2
8600,10610111.0,2,0,2,0
8600,10780127.0,2,0,0,2
8600,17150227.0,1,0,0,1
8600,17970117.0,2,0,0,2
8600,18060001.0,1,0,0,1
8600,67560112.0,5,0,1,4
8600,67620111.0,6,0,0,6
8600,97710248.0,6,0,6,0
8600,97710303.0,2,0,0,2
8600,97710478.0,1,0,1,0
8600,97710578.0,1,0,0,1
8700,160002.0,2,0,2,0
8700,220001.0,2,0,0,2
8700,550001.0,2,0,0,2
8700,570001.0,2,0,0,2
8700,710001.0,2,0,0,2
8700,1230002.0,1,0,0,1
8700,7350001.0,2,0,0,2
8700,7960002.0,3,0,0,3
8700,8000002.0,1,0,0,1
8700,8120001.0,2,0,0,2
8700,8170001.0,1,0,0,1
8700,8330001.0,2,0,0,2
8700,9250001.0,2,0,2,0
8700,9370006.0,2,0,0,2
8700,9550002.0,2,0,0,2
8700,9580001.0,1,0,0,1
8700,9690001.0,1,0,0,1
8700,9880008.0,1,0,0,1
8700,10050006.0,11,0,0,11
8700,10500006.0,1,0,1,0
8700,10550001.0,2,0,0,2
8700,10680048.0,2,0,0,2
8700,10680282.0,2,0,0,2
8700,10680321.0,2,0,0,2
8700,10680322.0,2,0,0,2
8800,19.0,1,0,1,0
8800,20.0,2,0,0,2
9000,50022.0,2,0,0,2
9000,60022.0,2,0,0,2
9000,80063.0,2,0,0,2
9000,140022.0,5,0,0,5
9000,150021.0,5,0,0,5
9000,180022.0,6,0,0,6
9000,320012.0,2,0,0,2
9000,340062.0,2,0,0,2
9000,350022.0,6,0,0,6
9000,380062.0,2,0,0,2
9000,410062.0,2,0,0,2
9000,440022.0,2,0,0,2
9000,770021.0,2,0,2,0
9000,1180021.0,4,0,0,4
9000,7040011.0,3,0,0,3
9000,7180051.0,1,0,0,1
9000,7230043.0,2,0,0,2
9000,7400011.0,2,0,0,2
9000,7650013.0,2,0,0,2
9000,7730014.0,1,0,0,1
9000,7750044.0,2,0,2,0
9000,7820041.0,1,0,1,0
9000,7860015.0,2,0,0,2
9000,7900041.0,1,0,0,1
9000,7910041.0,9,2,0,7
9000,8090032.0,4,0,0,4
9000,8210032.0,2,0,0,2
9000,8330042.0,2,0,0,2
9000,8370023.0,3,0,1,2
9000,8380023.0,4,0,0,4
9000,8410022.0,5,0,1,4
9000,8440021.0,5,0,2,3
9000,8450021.0,2,0,0,2
9000,8490021.0,2,0,0,2
9000,8640022.0,8,0,0,8
9000,9400021.0,11,0,0,11
9000,9520012.0,3,0,3,0
9000,9840051.0,2,0,2,0
9000,9950011.0,3,0,3,0
9000,10060052.0,4,0,2,2
9000,10070053.0,3,0,1,2
9000,10160053.0,1,0,0,1
9000,10200521.0,2,0,0,2
9000,10440051.0,1,0,0,1
9000,10510052.0,3,0,0,3
9000,10520063.0,4,0,2,2
9000,10610022.0,2,0,0,2
9000,10660022.0,8,0,0,8
9000,10730021.0,4,0,2,2
9000,10750052.0,1,0,0,1
9000,10770012.0,2,0,0,2
9000,10780012.0,3,0,1,2
9000,10850012.0,1,0,0,1
9000,10900052.0,1,0,0,1
9000,10980523.0,5,0,0,5
9000,11010021.0,5,0,0,5
9000,11070312.0,3,0,0,3
9000,11220225.0,5,0,0,5
9000,11260012.0,1,0,1,0
9000,11340041.0,14,0,6,8
9000,11400522.0,10,0,4,6
9000,14560523.0,2,0,0,2
9000,14660012.0,2,0,0,2
9000,14920523.0,2,0,0,2
9000,14970012.0,1,0,1,0
9000,15200012.0,1,0,1,0
9000,15290021.0,1,0,0,1
9000,15330523.0,2,0,0,2
9000,15400023.0,2,0,2,0
9000,15540061.0,2,0,0,2
9000,15800001.0,2,0,0,2
9000,15920001.0,2,0,0,2
9000,98340042.0,1,0,0,1
9000,98340048.0,5,0,0,5
9000,98340053.0,2,0,0,2
9000,98340097.0,2,0,0,2
9000,98340153.0,2,0,0,2
9000,98340219.0,2,0,0,2
9000,98340277.0,1,1,0,0
9000,98340593.0,1,0,0,1
9000,98340686.0,1,0,0,1
9000,98340723.0,2,0,0,2
9000,98340741.0,2,0,0,2
9000,98340746.0,1,0,0,1
9000,98340774.0,2,0,0,2
9000,98340901.0,1,0,1,0
9100,260006.0,1,0,0,1
9100,310006.0,2,0,0,2
9100,330006.0,1,0,0,1
9100,500006.0,1,0,0,1
9100,600006.0,6,0,0,6
9100,890006.0,2,0,0,2
9100,7650002.0,2,0,0,2
9100,7930006.0,2,0,2,0
9100,7960006.0,2,0,0,2
9100,8010006.0,2,0,0,2
9100,8890005.0,1,0,0,1
9100,14910001.0,2,0,0,2
9100,14970040.0,4,0,0,4
9100,14970092.0,1,0,0,1
9200,270002.0,1,0,0,1
9300,80001.0,2,0,0,2
9300,280153.0,1,0,0,1
9400,100001.0,1,0,1,0
9400,900001.0,1,0,0,1
9400,1030001.0,1,0,1,0
9400,7550119.0,1,0,0,1
9500,650002.0,1,0,0,1
9500,1560005.0,1,0,0,1
9500,7510005.0,2,0,0,2
9600,50001.0,10,0,2,8
9600,630001.0,2,0,0,2
9600,7850001.0,1,0,0,1
9600,7860001.0,7,2,1,4
9600,7870001.0,2,0,0,2
9600,7890006.0,1,0,0,1
9600,12090006.0,2,0,0,2
9600,12130008.0,4,0,0,4
9600,12350008.0,10,0,0,10
9600,12360001.0,3,0,0,3
9600,12370005.0,1,0,1,0
9600,15560008.0,1,0,0,1
9600,15660009.0,2,0,0,2
9600,15680011.0,2,0,0,2
9600,15680110.0,10,0,0,10
9600,15680126.0,3,0,0,3
9600,15680131.0,4,0,0,4
9700,460004.0,2,0,0,2
9700,7490000.0,2,0,0,2
9700,7960003.0,4,0,2,2
9700,7970002.0,2,0,0,2
9700,21800004.0,5,0,0,5
9700,21810002.0,1,0,0,1
9700,21840002.0,1,0,0,1
9700,21950006.0,4,0,2,2
9700,22010007.0,2,0,0,2
9700,22260002.0,3,0,0,3
9700,22430077.0,1,0,0,1
9700,22430116.0,2,0,0,2
9700,22430174.0,1,0,0,1
9700,22430250.0,2,0,0,2
9800,230019.0,2,2,0,0
9800,230093.0,1,0,0,1
