X,Y,ZOMET_IRONI,SEMEL_YISHUV,pk_teuna_fikt,ROHAV,RAMZOR,_MultiLaneOneWay,_SingleLaneOneWay,_TwoWay_Separated,_TwoWay_Unseparated,is_signage_problem,MEHIRUT_MUTERET
175748.0,657646.0,7810031.0,6200,2023000040,3,1,1,0,0,0,0,1
207762.0,759167.0,7620005.0,7600,2023000059,2,0,0,1,0,0,0,1
185084.0,665378.0,9520041.0,6100,2023000073,2,0,0,1,0,0,0,1
166862.0,632180.0,8730052.0,70,2023000076,3,0,0,0,0,1,0,1
193783.0,385959.0,8080004.0,2600,2023000118,5,0,0,0,0,1,0,1
189213.0,677607.0,220001.0,8700,2023000186,4,1,1,0,0,0,0,1
217745.0,631262.0,92870888.0,3000,2023000208,2,1,0,0,0,1,0,1
199966.0,708702.0,8840179.0,7800,2023000288,2,0,0,0,0,1,0,1
188962.0,667223.0,8310012.0,7900,2023000317,2,1,1,0,0,0,0,1
185647.0,575134.0,100001.0,666,2023000344,1,0,0,0,0,1,0,1
218030.0,628506.0,28040411.0,3000,2023000395,4,1,1,0,0,0,0,1
183582.0,670124.0,16540221.0,5000,2023000404,3,1,0,1,0,0,0,3
187283.0,692584.0,7970012.0,7400,2023000407,3,1,0,0,0,1,0,1
166778.0,632339.0,8880052.0,70,2023000520,2,0,1,0,0,0,0,1
179888.0,656963.0,10170071.0,6600,2023000521,3,1,1,0,0,0,0,1
178539.0,666134.0,80150483.0,5000,2023000536,2,1,1,0,0,0,0,1
181332.0,664474.0,47860028.0,6300,2023000679,4,1,0,1,0,0,0,1
193110.0,704401.0,7730007.0,6500,2023000730,2,0,0,0,0,1,0,1
190236.0,673048.0,7970002.0,9700,2023000731,1,1,1,0,0,0,0,1
183756.0,667285.0,10610111.0,8600,2023000746,3,1,0,1,0,0,0,1
182873.0,668988.0,17120213.0,5000,2023000772,4,1,0,0,0,1,0,1
159419.0,620250.0,7990002.0,7100,2023000788,3,0,1,0,0,0,0,1
176684.0,660184.0,20420735.0,5000,2023000877,4,1,0,1,0,0,0,1
167320.0,633180.0,8070011.0,70,2023001000,5,1,1,0,0,0,0,1
178568.0,662021.0,14620713.0,5000,2023001159,2,1,0,1,0,0,0,1
175832.0,658011.0,8940031.0,6200,2023001197,4,1,0,0,0,1,0,1
190940.0,665512.0,9850054.0,7900,2023001255,2,0,0,1,0,0,0,1
184323.0,668576.0,550225.0,5000,2023001265,2,0,0,0,0,1,0,1
189451.0,676806.0,10680048.0,8700,2023001378,3,0,0,0,0,1,0,1
181005.0,647998.0,7420002.0,7200,2023001444,3,1,1,0,0,0,0,1
181289.0,658132.0,11100006.0,6600,2023001452,1,1,1,0,0,0,0,5
160572.0,620557.0,8830021.0,7100,2023001462,2,0,0,0,0,1,0,1
181260.0,665521.0,97710248.0,8600,2023001712,4,1,0,1,0,0,0,4
218957.0,632486.0,26620214.0,3000,2023001714,5,1,1,0,0,0,0,1
196626.0,746612.0,17340323.0,4000,2023001720,2,1,0,0,0,1,0,1
180659.0,667465.0,20700111.0,5000,2023001758,2,1,0,1,0,0,0,1
183005.0,674646.0,9810033.0,6400,2023001804,3,1,1,0,0,0,0,2
220581.0,631619.0,10910146.0,3000,2023001811,4,1,0,0,0,1,0,1
186868.0,692764.0,150031.0,7400,2023001986,4,1,0,0,0,1,0,1
179191.0,662310.0,60822.0,5000,2023002049,2,0,0,1,0,0,0,1
172506.0,632958.0,430053.0,166,2023002093,2,0,0,0,0,1,0,1
181202.0,573513.0,8090032.0,9000,2023002132,3,0,0,0,0,1,0,1
180176.0,666045.0,9920422.0,5000,2023002203,2,0,0,1,0,0,0,1
166921.0,633332.0,7920011.0,70,2023002252,3,1,1,0,0,0,0,3
177689.0,573589.0,10510052.0,9000,2023002283,2,1,1,0,0,0,0,3
183979.0,666535.0,7880015.0,6100,2023002330,3,1,0,1,0,0,0,1
187097.0,676713.0,9550002.0,8700,2023002367,2,1,0,0,0,1,0,1
216814.0,633142.0,92872805.0,3000,2023002391,2,0,0,0,0,1,0,1
200111.0,746531.0,80525.0,4000,2023002403,2,0,0,0,1,0,0,1
179004.0,611942.0,8590059.0,2630,2023002406,4,0,1,0,0,0,0,1
219127.0,635519.0,23760725.0,3000,2023002552,3,1,1,0,0,0,0,1
186932.0,664536.0,99970461.0,7900,2023002581,5,0,1,0,0,0,0,4
220970.0,629028.0,12730533.0,3000,2023002603,3,1,0,0,1,0,0,1
207561.0,746985.0,11670122.0,4000,2023002716,3,1,0,0,0,1,0,2
190545.0,705379.0,9800555.0,6500,2023002753,5,1,1,0,0,0,0,1
180604.0,576005.0,11070312.0,9000,2023002810,5,1,1,0,0,0,0,2
188295.0,677595.0,9370006.0,8700,2023002815,5,0,1,0,0,0,0,1
184454.0,665901.0,67750068.0,6100,2023002841,3,1,0,0,1,0,0,1
186206.0,675563.0,8220011.0,6400,2023002844,4,1,0,0,0,1,0,1
220825.0,628598.0,25610543.0,3000,2023002845,2,1,1,0,0,0,0,1
221083.0,631069.0,92871079.0,3000,2023002897,2,1,0,0,0,1,0,1
193483.0,386245.0,8370004.0,2600,2023002924,2,0,1,0,0,0,0,1
186493.0,691029.0,10590422.0,7400,2023003279,3,1,0,0,0,1,0,1
228437.0,724567.0,8370258.0,7700,2023003283,5,1,0,0,0,1,0,1
166297.0,632247.0,8820071.0,70,2023003287,3,1,1,0,0,0,0,3
194992.0,719133.0,280153.0,9300,2023003493,2,0,1,0,0,0,0,1
199986.0,624247.0,8310213.0,2610,2023003497,3,0,0,0,0,1,1,1
187454.0,649520.0,7970003.0,8500,2023003571,5,1,1,0,0,0,0,1
202501.0,743037.0,16910623.0,4000,2023003574,2,1,0,0,0,1,0,1
194078.0,691672.0,180095.0,168,2023003606,2,0,0,0,0,1,0,1
220331.0,628105.0,26490545.0,3000,2023003643,2,1,0,0,0,1,0,1
221932.0,634160.0,8890111.0,3000,2023003703,3,1,0,0,0,1,0,1
190253.0,664852.0,10010053.0,7900,2023003758,2,0,0,0,0,1,0,1
177435.0,662499.0,80150675.0,5000,2023003941,2,1,0,1,0,0,0,1
183784.0,674532.0,10500351.0,6400,2023004123,3,0,1,0,0,0,0,3
192036.0,675542.0,200005.0,6900,2023004158,2,0,0,0,0,1,0,1
176831.0,660598.0,15840734.0,5000,2023004232,2,0,0,1,0,0,0,1
192948.0,704662.0,210007.0,6500,2023004267,3,1,1,0,0,0,0,1
220917.0,633669.0,9080121.0,3000,2023004285,2,0,0,0,1,0,0,1
178633.0,574176.0,9950011.0,9000,2023004322,2,1,1,0,0,0,0,2
180747.0,573331.0,7910041.0,9000,2023004387,3,1,1,0,0,0,0,1
186457.0,689709.0,9310051.0,7400,2023004398,2,1,1,0,0,0,0,1
200088.0,747325.0,7730223.0,4000,2023004461,5,1,1,0,0,0,0,1
220491.0,633391.0,10176.0,3000,2023004599,1,0,0,1,0,0,0,1
165432.0,632816.0,8330071.0,70,2023004647,2,0,1,0,0,0,0,1
176075.0,658313.0,7770031.0,6200,2023004689,4,1,0,0,0,1,0,1
179478.0,662622.0,15000817.0,5000,2023004738,2,1,0,1,0,0,0,1
176380.0,658134.0,7870032.0,6200,2023004755,2,0,0,1,0,0,0,1
221655.0,635458.0,92872787.0,3000,2023004776,3,0,0,0,0,1,0,1
165772.0,632672.0,9020052.0,70,2023004781,2,1,1,0,0,0,0,3
223074.0,637227.0,24840714.0,3000,2023004810,4,0,1,0,0,0,0,1
160205.0,619552.0,10510017.0,7100,2023004821,3,0,0,0,0,1,0,1
187100.0,692671.0,70031.0,7400,2023004826,2,0,1,0,0,0,0,1
184591.0,675270.0,820007.0,6400,2023004831,3,0,0,0,0,1,0,1
191053.0,664490.0,17400001.0,7900,2023004842,4,1,1,0,0,0,0,2
219462.0,635130.0,24530725.0,3000,2023004906,5,1,0,0,0,1,0,1
173136.0,632870.0,410001.0,166,2023004929,3,0,0,0,0,1,0,1
187089.0,666357.0,11510121.0,7900,2023004947,2,1,1,0,0,0,0,1
166991.0,632566.0,8610011.0,70,2023004955,5,1,1,0,0,0,0,3
176432.0,658048.0,7890032.0,6200,2023004958,2,0,0,0,0,1,0,1
177724.0,661310.0,340744.0,5000,2023005016,4,1,0,1,0,0,0,1
176149.0,657398.0,9210033.0,6200,2023005027,3,0,0,0,0,1,0,1
218564.0,627325.0,24770842.0,3000,2023005041,2,1,1,0,0,0,0,1
220532.0,631850.0,100146.0,3000,2023005053,2,1,1,0,0,0,0,1
204995.0,741479.0,15480001.0,2500,2023005140,5,1,0,0,0,1,0,1
177698.0,662215.0,90715.0,5000,2023005147,2,0,0,0,0,1,0,1
188533.0,690849.0,10590335.0,7400,2023005212,4,0,1,0,0,0,0,1
166607.0,632785.0,8670001.0,70,2023005243,4,1,1,0,0,0,0,3
193464.0,691464.0,180001.0,168,2023005280,3,0,0,0,0,1,0,1
199323.0,747339.0,110233.0,4000,2023005322,2,0,0,1,0,0,0,1
201249.0,742635.0,17070621.0,4000,2023005342,2,1,1,0,0,0,0,1
161075.0,618842.0,7900006.0,7100,2023005386,4,1,1,0,0,0,0,3
200966.0,741672.0,14730412.0,4000,2023005540,5,1,1,0,0,0,0,1
176432.0,658221.0,80230079.0,6200,2023005620,4,0,0,0,0,1,0,1
178749.0,661890.0,14590825.0,5000,2023005641,4,1,0,1,0,0,0,1
199152.0,744880.0,18380370.0,4000,2023005833,1,0,1,0,0,0,0,1
223320.0,637150.0,24520714.0,3000,2023005893,3,1,0,0,0,1,0,1
195120.0,703106.0,9220009.0,6500,2023005915,5,0,1,0,0,0,0,1
179979.0,657971.0,9140022.0,6600,2023005943,2,0,0,1,0,0,0,1
186989.0,665678.0,99970512.0,7900,2023006043,4,1,1,0,0,0,0,4
168234.0,632833.0,9060041.0,70,2023006079,2,0,1,0,0,0,0,1
211010.0,746506.0,8130002.0,6800,2023006128,2,1,0,1,0,0,0,1
187771.0,668027.0,17130001.0,7900,2023006159,4,1,1,0,0,0,0,1
200041.0,743891.0,18380979.0,4000,2023006246,2,0,0,0,0,1,0,1
172016.0,633688.0,430176.0,166,2023006319,2,0,1,0,0,0,0,1
209997.0,745158.0,390005.0,6800,2023006325,1,1,0,0,0,1,0,1
178822.0,658923.0,8400034.0,6600,2023006336,3,1,0,1,0,0,0,1
200235.0,644585.0,360001.0,1200,2023006403,2,1,1,0,0,0,0,1
181251.0,664242.0,80150879.0,5000,2023006437,4,1,0,1,0,0,0,1
179311.0,663802.0,17680554.0,5000,2023006447,3,0,0,1,0,0,0,1
196337.0,718600.0,80001.0,9300,2023006517,3,0,1,0,0,0,0,1
186042.0,667028.0,17100011.0,7900,2023006577,2,0,0,0,0,1,0,1
179929.0,574797.0,7400011.0,9000,2023006765,3,1,1,0,0,0,0,2
159609.0,618947.0,9930002.0,7100,2023006775,3,1,1,0,0,0,0,3
210649.0,746277.0,7960004.0,6800,2023006780,2,0,1,0,0,0,0,1
182823.0,573355.0,10730021.0,9000,2023006805,4,1,1,0,0,0,0,2
181097.0,645177.0,17890093.0,8400,2023006817,3,1,1,0,0,0,0,4
202899.0,743825.0,15030132.0,4000,2023006844,3,1,0,0,0,1,0,1
180197.0,665239.0,8960432.0,5000,2023006884,2,1,0,1,0,0,0,1
220675.0,640555.0,92871586.0,3000,2023006946,3,0,1,0,0,0,0,1
165479.0,631891.0,10150098.0,70,2023007118,2,0,1,0,0,0,0,1
178687.0,663522.0,17600551.0,5000,2023007133,3,1,0,1,0,0,0,1
183633.0,664650.0,8300214.0,8600,2023007195,2,0,0,0,0,1,0,1
218736.0,633151.0,16740213.0,3000,2023007290,3,0,0,0,0,1,0,1
161558.0,618724.0,8660004.0,7100,2023007401,4,1,1,0,0,0,0,3
176119.0,657321.0,90033.0,6200,2023007588,3,0,0,0,0,1,0,1
187353.0,667745.0,99970571.0,7900,2023007609,4,1,1,0,0,0,0,1
204766.0,707421.0,10015.0,1247,2023007668,2,0,1,0,0,0,0,1
207770.0,751222.0,12360001.0,9600,2023007715,3,1,0,1,0,0,0,3
208733.0,759921.0,10440192.0,7600,2023007745,3,0,0,0,0,1,0,1
187096.0,687464.0,9860314.0,7400,2023007876,4,1,1,0,0,0,0,1
249061.0,744954.0,8090006.0,6700,2023007944,3,1,1,0,0,0,0,2
182355.0,575994.0,15290021.0,9000,2023008031,2,0,1,0,0,0,0,2
198915.0,748564.0,14650222.0,4000,2023008035,3,0,0,0,0,1,0,1
184139.0,674463.0,1180007.0,6400,2023008098,3,0,0,1,0,0,0,1
179749.0,658110.0,9170022.0,6600,2023008123,3,1,0,1,0,0,0,1
179902.0,572685.0,98340153.0,9000,2023008171,3,1,1,0,0,0,0,3
178509.0,656894.0,10880056.0,6600,2023008237,3,1,1,0,0,0,0,1
207746.0,759908.0,10440093.0,7600,2023008308,2,0,1,0,0,0,0,1
199820.0,747254.0,130223.0,4000,2023008405,2,0,1,0,0,0,0,1
181204.0,649359.0,7500001.0,7200,2023008431,5,1,1,0,0,0,0,2
195944.0,682125.0,15.0,2720,2023008528,2,0,0,0,0,1,1,1
222070.0,629045.0,28690832.0,3000,2023008542,2,0,0,0,0,1,0,1
187077.0,692314.0,8970035.0,7400,2023008545,4,1,0,0,0,1,0,1
167894.0,634225.0,10150045.0,70,2023008616,3,0,1,0,0,0,0,1
192865.0,705048.0,170007.0,6500,2023008852,2,1,1,0,0,0,0,1
182991.0,666566.0,130112.0,8600,2023008884,2,0,0,0,0,1,0,1
182827.0,653011.0,8950005.0,8300,2023008901,3,0,1,0,0,0,0,1
182702.0,573212.0,150021.0,9000,2023008965,4,1,1,0,0,0,0,3
222593.0,633937.0,92871389.0,3000,2023008973,2,0,0,0,1,0,0,1
195434.0,386412.0,7930002.0,2600,2023008993,4,0,1,0,0,0,0,1
220569.0,632052.0,40145.0,3000,2023009104,3,1,0,0,0,1,0,1
183494.0,674482.0,1160007.0,6400,2023009128,2,1,0,0,0,1,0,1
186409.0,689464.0,10090313.0,7400,2023009150,4,1,1,0,0,0,0,1
227770.0,757044.0,390003.0,1139,2023009201,3,0,0,1,0,0,0,1
201933.0,746060.0,17490223.0,4000,2023009357,2,0,0,1,0,0,0,1
189413.0,665908.0,160041.0,7900,2023009531,2,0,0,0,0,1,0,1
253742.0,791625.0,7420001.0,2800,2023009569,3,1,0,0,0,1,0,1
194886.0,386130.0,7390002.0,2600,2023009608,2,0,1,0,0,0,0,1
181746.0,646454.0,12030011.0,8400,2023009691,4,1,1,0,0,0,0,1
176394.0,657000.0,8010033.0,6200,2023009811,5,1,0,1,0,0,0,1
185316.0,674210.0,8530004.0,6400,2023009818,2,1,0,1,0,0,0,1
181238.0,665699.0,17970117.0,8600,2023009850,3,1,0,1,0,0,0,1
178875.0,660902.0,21200744.0,5000,2023009913,4,1,0,1,0,0,0,1
191058.0,665502.0,11070061.0,7900,2023009916,5,0,1,0,0,0,0,1
231679.0,736701.0,8080001.0,1061,2023009947,3,0,0,0,1,0,0,1
188190.0,676429.0,8120001.0,8700,2023009974,3,0,0,0,0,1,0,1
176768.0,661714.0,16080732.0,5000,2023010074,2,0,0,0,0,1,0,1
220182.0,629627.0,13930415.0,3000,2023010075,2,0,0,0,0,1,0,1
181306.0,662954.0,17850921.0,5000,2023010260,3,1,0,0,1,0,0,1
211310.0,622521.0,10010.0,3780,2023010358,2,1,0,0,0,1,1,1
165419.0,631927.0,10150097.0,70,2023010382,3,0,1,0,0,0,0,1
227687.0,736290.0,91980001.0,7300,2023010397,3,1,1,0,0,0,0,3
178506.0,662471.0,13530713.0,5000,2023010465,4,1,0,1,0,0,0,1
185774.0,662374.0,100234.0,8600,2023010484,3,1,1,0,0,0,0,1
207291.0,746717.0,12240121.0,4000,2023010786,3,1,1,0,0,0,0,3
220860.0,631235.0,11770521.0,3000,2023010854,2,1,0,1,0,0,0,1
178581.0,662476.0,13520814.0,5000,2023010911,2,0,0,0,0,1,0,1
184914.0,666657.0,8160013.0,6100,2023010957,3,1,0,1,0,0,0,1
188997.0,665960.0,9300021.0,7900,2023011004,2,0,0,0,0,1,0,1
196225.0,746476.0,16460323.0,4000,2023011082,3,1,0,0,0,1,0,3
188460.0,676354.0,8170001.0,8700,2023011191,2,0,1,0,0,0,0,1
191497.0,706835.0,9600014.0,6500,2023011230,3,1,1,0,0,0,0,1
166298.0,634297.0,7880014.0,70,2023011231,2,1,1,0,0,0,0,1
200466.0,645914.0,780143.0,1200,2023011294,5,0,0,0,0,1,0,1
186439.0,692939.0,8450031.0,7400,2023011300,2,0,1,0,0,0,0,1
223140.0,638492.0,24820713.0,3000,2023011312,2,0,1,0,0,0,0,1
178162.0,656320.0,10140055.0,6600,2023011321,3,1,0,0,0,1,0,1
176004.0,656986.0,10070083.0,6200,2023011348,2,0,1,0,0,0,0,1
181110.0,666453.0,5313001.0,5000,2023011415,3,1,1,0,0,0,0,1
189012.0,665033.0,99970319.0,7900,2023011555,3,0,0,0,0,1,0,1
182955.0,664245.0,7430215.0,8600,2023011623,2,1,1,0,0,0,0,1
192630.0,676683.0,20003.0,6900,2023011661,3,1,0,0,0,1,0,1
186769.0,692487.0,8550031.0,7400,2023011701,2,1,1,0,0,0,0,1
175781.0,655754.0,20390352.0,8300,2023011716,2,1,1,0,0,0,0,1
181957.0,645675.0,8670005.0,8400,2023011731,3,1,1,0,0,0,0,1
179924.0,572266.0,8640022.0,9000,2023011785,2,0,0,1,0,0,0,1
199863.0,747520.0,30223.0,4000,2023011829,5,0,1,0,0,0,1,1
190664.0,664249.0,210055.0,7900,2023011830,1,0,0,0,0,1,0,1
189930.0,675800.0,13030222.0,6900,2023011997,3,1,0,1,0,0,0,1
188712.0,691848.0,110041.0,7400,2023012042,1,1,1,0,0,0,0,1
192377.0,704652.0,7790007.0,6500,2023012094,3,0,1,0,0,0,0,1
185356.0,667224.0,180012.0,6100,2023012098,3,0,0,0,0,1,0,1
219833.0,632258.0,16170164.0,3000,2023012131,3,1,1,0,0,0,0,1
217903.0,631430.0,92870875.0,3000,2023012137,2,0,1,0,0,0,0,1
186715.0,691001.0,910035.0,7400,2023012160,2,0,1,0,0,0,0,1
166707.0,633968.0,8590011.0,70,2023012339,4,0,1,0,0,0,0,1
218650.0,635857.0,23750724.0,3000,2023012478,3,1,0,0,0,1,0,1
189058.0,666104.0,9490041.0,7900,2023012534,2,0,0,1,0,0,0,1
200064.0,742671.0,250412.0,4000,2023012538,4,0,0,1,0,0,0,2
182692.0,668344.0,17140215.0,5000,2023012558,3,1,0,1,0,0,0,1
181680.0,665858.0,150117.0,8600,2023012667,3,1,0,0,0,1,0,1
181507.0,652178.0,8550021.0,8300,2023012703,5,1,1,0,0,0,0,1
181789.0,658733.0,11100309.0,6600,2023012736,4,0,0,1,0,0,0,6
220480.0,631336.0,11820152.0,3000,2023012785,2,0,0,0,0,1,0,1
182473.0,665781.0,9590122.0,8600,2023012823,3,0,0,1,0,0,0,1
189113.0,677911.0,10550001.0,8700,2023012996,3,0,1,0,0,0,0,1
200066.0,746475.0,160525.0,4000,2023013020,3,1,0,0,0,1,0,1
199954.0,743602.0,16730517.0,4000,2023013043,3,0,1,0,0,0,0,1
182440.0,644153.0,8470010.0,8400,2023013101,1,0,0,1,0,0,0,1
158615.0,618306.0,8230008.0,7100,2023013113,3,0,1,0,0,0,0,1
192791.0,675454.0,13030043.0,6900,2023013227,4,1,1,0,0,0,0,1
180111.0,572022.0,350022.0,9000,2023013228,2,1,0,1,0,0,0,1
187027.0,690990.0,10590128.0,7400,2023013494,4,1,1,0,0,0,0,1
209597.0,768210.0,330006.0,9100,2023013571,3,0,0,0,0,1,0,1
187974.0,690982.0,10490001.0,7400,2023013573,4,1,1,0,0,0,0,1
209393.0,768250.0,310006.0,9100,2023013832,3,0,0,0,0,1,0,1
167049.0,633557.0,7930011.0,70,2023013834,3,1,1,0,0,0,0,3
220113.0,633661.0,140211.0,3000,2023013850,3,1,0,0,0,1,0,1
179662.0,654770.0,20220001.0,8300,2023013904,5,0,1,0,0,0,0,1
184414.0,666894.0,67750041.0,6100,2023013980,2,0,0,0,0,1,0,1
183824.0,666177.0,8770021.0,6100,2023014137,2,0,0,0,0,1,0,1
191807.0,704994.0,7860004.0,6500,2023014185,5,1,1,0,0,0,0,1
191169.0,677080.0,7290007.0,6900,2023014210,2,1,0,0,0,1,0,1
186584.0,691005.0,9130033.0,7400,2023014252,4,1,1,0,0,0,0,1
189246.0,665894.0,30041.0,7900,2023014277,2,0,0,0,0,1,0,1
175879.0,658918.0,7690023.0,6200,2023014328,2,1,0,1,0,0,0,1
182295.0,644679.0,12260001.0,8400,2023014391,4,1,1,0,0,0,0,1
178148.0,654436.0,19860322.0,8300,2023014403,2,1,1,0,0,0,0,1
221115.0,631372.0,150522.0,3000,2023014468,2,0,0,0,0,1,0,1
221165.0,628551.0,250534.0,3000,2023014553,2,0,0,1,0,0,0,1
186737.0,692817.0,10590092.0,7400,2023014591,2,1,0,0,0,1,0,1
189519.0,665996.0,220041.0,7900,2023014903,3,0,0,0,0,1,0,1
193975.0,676707.0,13030394.0,6900,2023014928,3,0,1,0,0,0,0,1
200565.0,746635.0,18380182.0,4000,2023015026,4,0,0,1,0,0,0,1
197634.0,708406.0,530005.0,7800,2023015098,3,0,0,0,1,0,0,1
186921.0,667323.0,99970381.0,7900,2023015222,3,0,1,0,0,0,0,1
205511.0,748542.0,30111.0,4000,2023015380,1,0,1,0,0,0,0,1
176218.0,655534.0,20290001.0,8300,2023015648,3,1,1,0,0,0,0,1
221708.0,636095.0,28480713.0,3000,2023015670,2,1,0,0,0,1,0,1
204434.0,741877.0,15710009.0,2500,2023015755,3,0,1,0,0,0,0,1
208917.0,758533.0,8100002.0,7600,2023015756,4,1,1,0,0,0,0,1
179725.0,664541.0,11780613.0,5000,2023015812,3,1,0,1,0,0,0,1
178474.0,659885.0,7770034.0,6600,2023015824,3,1,0,0,0,1,0,1
181398.0,572669.0,11400522.0,9000,2023015859,4,1,1,0,0,0,0,2
188163.0,677255.0,9690001.0,8700,2023015933,4,0,1,0,0,0,0,1
227940.0,733595.0,91980244.0,7300,2023015944,1,0,0,0,0,1,1,1
164431.0,631057.0,10150358.0,70,2023016019,4,0,1,0,0,0,0,1
219209.0,629203.0,13840413.0,3000,2023016020,3,0,1,0,0,0,0,1
181022.0,644383.0,7230000.0,8400,2023016120,2,0,0,0,0,1,0,1
204318.0,707382.0,10014.0,1247,2023016183,2,0,0,0,0,1,0,1
177234.0,659000.0,8470012.0,6200,2023016206,3,0,0,0,0,1,0,1
220701.0,634182.0,22920113.0,3000,2023016213,2,0,1,0,0,0,0,1
189592.0,667361.0,99970551.0,7900,2023016268,2,1,1,0,0,0,0,1
182909.0,643072.0,17890415.0,8400,2023016300,3,1,1,0,0,0,0,2
177498.0,613102.0,7450003.0,2630,2023016357,1,0,0,0,0,1,0,1
222147.0,634116.0,8640112.0,3000,2023016382,5,1,1,0,0,0,0,1
175952.0,657492.0,250032.0,6200,2023016385,3,0,0,0,0,1,0,1
181465.0,572375.0,98340053.0,9000,2023016396,2,0,1,0,0,0,1,1
180658.0,664078.0,80151491.0,5000,2023016424,2,1,1,0,0,0,0,1
186579.0,692685.0,250031.0,7400,2023016515,5,0,0,0,0,1,0,1
220551.0,627998.0,26510545.0,3000,2023016646,3,1,1,0,0,0,0,1
175149.0,641940.0,8050135.0,2660,2023016810,2,0,0,0,0,1,0,1
182012.0,666209.0,10080115.0,8600,2023016839,2,1,0,1,0,0,0,1
198108.0,708938.0,7890002.0,7800,2023016892,2,0,0,0,0,1,0,1
177474.0,661927.0,80150765.0,5000,2023016921,2,1,0,0,0,1,0,1
199054.0,624683.0,8270001.0,2610,2023016969,2,0,0,0,0,1,0,1
186559.0,688281.0,9970053.0,7400,2023017022,4,1,0,0,0,1,0,1
177063.0,660636.0,15760734.0,5000,2023017192,2,1,1,0,0,0,0,1
203245.0,553427.0,7440003.0,2200,2023017259,2,0,1,0,0,0,0,1
205428.0,747125.0,30131.0,4000,2023017264,3,1,1,0,0,0,0,3
230968.0,726154.0,7440002.0,7700,2023017381,2,1,0,0,0,1,0,3
192162.0,706082.0,9510004.0,6500,2023017511,4,0,1,0,0,0,0,1
186867.0,661757.0,68150136.0,2620,2023017517,3,1,1,0,0,0,0,1
190800.0,666123.0,9830062.0,7900,2023017560,2,1,1,0,0,0,0,1
201243.0,744500.0,7910213.0,4000,2023017822,2,0,1,0,0,0,0,1
227323.0,733258.0,250005.0,7300,2023017840,3,1,0,0,0,1,0,1
179188.0,572597.0,10520063.0,9000,2023017944,5,1,1,0,0,0,0,2
207485.0,759996.0,7880004.0,7600,2023018021,4,0,1,0,0,0,0,1
186538.0,690802.0,9800033.0,7400,2023018085,2,1,1,0,0,0,0,1
193256.0,704933.0,250007.0,6500,2023018119,3,1,1,0,0,0,0,1
181290.0,652057.0,18610008.0,8300,2023018134,3,1,1,0,0,0,0,1
201367.0,741405.0,14710412.0,4000,2023018171,2,1,1,0,0,0,0,1
179551.0,664550.0,8740345.0,5000,2023018192,2,1,0,1,0,0,0,1
209108.0,745485.0,310006.0,6800,2023018356,2,0,0,1,0,0,1,1
178760.0,663269.0,12970556.0,5000,2023018434,3,1,0,0,0,1,0,1
184961.0,666430.0,8320031.0,6100,2023018463,2,0,1,0,0,0,0,1
221126.0,629286.0,510533.0,3000,2023018474,3,1,0,1,0,0,0,1
180353.0,653920.0,18240010.0,8300,2023018475,3,1,1,0,0,0,0,2
187464.0,661582.0,68150107.0,2620,2023018523,4,1,0,1,0,0,0,1
185610.0,687838.0,9900314.0,7400,2023018554,3,1,0,0,0,1,0,1
190700.0,676627.0,7350007.0,6900,2023018555,3,0,1,0,0,0,0,1
189505.0,673981.0,21810002.0,9700,2023018561,2,0,1,0,0,0,0,1
178345.0,661800.0,14540714.0,5000,2023018634,1,1,1,0,0,0,0,1
181220.0,661935.0,18060924.0,5000,2023018726,4,1,0,1,0,0,0,1
215547.0,634181.0,430044.0,1015,2023018740,2,0,0,0,0,1,0,1
183548.0,663841.0,210225.0,8600,2023018748,2,0,0,0,0,1,0,1
183469.0,666962.0,7790016.0,6100,2023018779,4,1,0,0,0,1,0,1
217671.0,628452.0,26910842.0,3000,2023018884,3,1,1,0,0,0,0,1
204701.0,746945.0,16720212.0,4000,2023019018,1,0,0,0,0,1,0,2
177761.0,660016.0,100041.0,6600,2023019067,2,0,0,0,0,1,0,1
187999.0,666457.0,8490012.0,7900,2023019137,2,1,1,0,0,0,0,1
180467.0,574087.0,7750044.0,9000,2023019217,3,0,0,0,0,1,0,1
172551.0,632334.0,430061.0,166,2023019333,3,0,0,0,0,1,0,1
177013.0,574008.0,10660022.0,9000,2023019408,5,1,1,0,0,0,0,3
230587.0,726890.0,8090003.0,7700,2023019483,2,0,0,0,0,1,0,1
187905.0,689913.0,10590439.0,7400,2023019509,2,1,1,0,0,0,0,1
187892.0,662681.0,150001.0,229,2023019522,2,0,0,0,0,1,0,1
166308.0,631428.0,10150255.0,70,2023019526,3,0,1,0,0,0,0,1
200146.0,747075.0,80224.0,4000,2023019717,4,1,0,0,0,1,0,1
197227.0,741378.0,8220003.0,2100,2023019732,1,0,0,0,0,1,0,1
190262.0,651107.0,60003.0,7000,2023019860,2,0,0,1,0,0,0,1
178100.0,573471.0,10060052.0,9000,2023019970,2,1,0,0,0,1,0,1
211021.0,747191.0,13220012.0,6800,2023020008,3,1,1,0,0,0,0,1
220845.0,633054.0,9500175.0,3000,2023020033,4,1,0,1,0,0,0,1
184993.0,675205.0,10500159.0,6400,2023020110,3,0,0,1,0,0,0,1
219303.0,629172.0,13820416.0,3000,2023020117,2,0,0,1,0,0,0,1
218998.0,628982.0,26010412.0,3000,2023020166,5,1,1,0,0,0,0,1
217543.0,631474.0,14590232.0,3000,2023020243,3,1,0,1,0,0,0,1
168033.0,632180.0,9750041.0,70,2023020259,4,0,1,0,0,0,0,1
253465.0,791438.0,280002.0,2800,2023020349,3,0,0,0,0,1,0,1
189762.0,665461.0,9020032.0,7400,2023020459,1,0,0,1,0,0,0,1
183279.0,662930.0,80231.0,8600,2023020463,2,0,0,0,0,1,0,1
216621.0,668075.0,230001.0,3570,2023020532,1,0,1,0,0,0,0,1
184955.0,664494.0,340042.0,6100,2023020595,2,0,0,1,0,0,0,1
200379.0,745741.0,8490521.0,4000,2023020625,2,0,0,1,0,0,0,1
180499.0,657317.0,8970074.0,6600,2023020782,2,0,0,1,0,0,0,1
166776.0,635120.0,7490002.0,70,2023020783,3,0,0,0,0,1,0,1
178375.0,575390.0,10770012.0,9000,2023020786,3,1,1,0,0,0,0,2
183112.0,666911.0,10050111.0,8600,2023020865,2,1,0,0,0,1,0,1
194259.0,386338.0,7670003.0,2600,2023020877,2,0,1,0,0,0,0,1
178092.0,574394.0,10610022.0,9000,2023020886,3,0,1,0,0,0,0,1
200448.0,745851.0,9970526.0,4000,2023020901,2,1,0,0,0,1,0,1
191755.0,704504.0,9800132.0,6500,2023020903,3,1,1,0,0,0,0,1
181959.0,663752.0,8150009.0,6300,2023020918,2,1,1,0,0,0,0,1
206203.0,748107.0,17670010.0,4000,2023020930,2,1,1,0,0,0,0,1
218356.0,629343.0,26640236.0,3000,2023020986,2,1,0,1,0,0,0,1
180463.0,574160.0,7730014.0,9000,2023020999,2,1,0,0,0,1,0,1
182568.0,643754.0,8400010.0,8400,2023021008,3,1,1,0,0,0,0,1
200849.0,746215.0,8050132.0,4000,2023021174,4,1,0,1,0,0,0,3
191298.0,675859.0,7810005.0,6900,2023021187,3,1,1,0,0,0,0,1
190060.0,666827.0,590062.0,7900,2023021362,3,0,0,0,0,1,0,1
184414.0,664786.0,67750100.0,6100,2023021445,2,1,0,0,0,1,0,1
177362.0,657935.0,8180061.0,6200,2023021511,2,1,0,1,0,0,0,1
180300.0,572556.0,8410022.0,9000,2023021618,5,1,1,0,0,0,0,2
179971.0,666090.0,9450421.0,5000,2023021666,1,0,0,0,0,1,0,1
165760.0,633281.0,9720005.0,70,2023021741,5,0,1,0,0,0,0,1
208990.0,727749.0,190064.0,240,2023021765,3,0,0,1,0,0,0,1
178183.0,656537.0,8740056.0,6600,2023021812,1,1,0,0,0,1,0,1
179226.0,664122.0,80150544.0,5000,2023021831,4,0,0,1,0,0,0,1
187123.0,693875.0,250021.0,7400,2023021836,1,0,1,0,0,0,0,1
215963.0,641231.0,20003.0,3730,2023021868,3,1,0,1,0,0,0,7
217503.0,630442.0,250235.0,3000,2023021880,2,0,0,0,0,1,0,1
177759.0,661597.0,80150783.0,5000,2023021913,3,1,1,0,0,0,0,2
181676.0,648905.0,410001.0,7200,2023021925,2,0,0,0,1,0,0,1
187228.0,694375.0,670022.0,7400,2023021954,4,0,0,0,0,1,0,1
181774.0,652150.0,8670004.0,8300,2023022121,2,0,0,0,0,1,0,1
179716.0,661605.0,14900823.0,5000,2023022130,2,1,1,0,0,0,0,1
187282.0,688132.0,10180323.0,7400,2023022159,4,1,1,0,0,0,0,1
188668.0,665711.0,11590033.0,7900,2023022255,2,0,1,0,0,0,0,1
207804.0,759279.0,190005.0,7600,2023022345,2,0,0,0,0,1,0,1
218087.0,633328.0,25330223.0,3000,2023022411,3,1,1,0,0,0,0,1
181661.0,666195.0,9910116.0,8600,2023022415,2,0,0,0,0,1,0,1
180686.0,572920.0,15400023.0,9000,2023022420,5,1,1,0,0,0,0,3
206930.0,749956.0,7860001.0,9600,2023022421,1,0,0,1,0,0,0,1
186980.0,665484.0,11770121.0,7900,2023022443,3,1,0,0,0,1,0,3
188683.0,676828.0,550001.0,8700,2023022456,2,0,1,0,0,0,0,1
189916.0,651845.0,12840034.0,7000,2023022511,2,1,1,0,0,0,0,1
219477.0,630484.0,14230422.0,3000,2023022594,5,1,1,0,0,0,0,1
168598.0,632683.0,8060011.0,70,2023022674,3,1,1,0,0,0,0,3
199106.0,745787.0,9030425.0,4000,2023022678,3,1,0,1,0,0,0,1
197798.0,743271.0,18170001.0,4000,2023022802,2,0,0,1,0,0,0,3
161755.0,620861.0,10800341.0,7100,2023022817,5,1,1,0,0,0,0,4
183653.0,666222.0,160021.0,6100,2023022833,3,0,0,1,0,0,0,1
189222.0,691130.0,690042.0,7400,2023022864,1,0,0,0,0,1,0,1
189115.0,660568.0,7550119.0,9400,2023022880,4,0,0,0,0,1,0,1
226849.0,769287.0,40001.0,1063,2023022937,3,0,0,0,0,1,0,1
178198.0,572158.0,98340741.0,9000,2023022939,3,0,0,0,0,1,0,1
181037.0,647596.0,17810189.0,7200,2023022940,4,1,1,0,0,0,0,2
204060.0,742487.0,15140002.0,2500,2023023116,5,1,1,0,0,0,0,1
207520.0,748792.0,7350001.0,8200,2023023138,2,0,1,0,0,0,0,1
178129.0,572877.0,10750052.0,9000,2023023238,3,0,1,0,0,0,0,1
187299.0,677710.0,10050006.0,8700,2023023330,5,1,0,0,0,1,0,1
250721.0,743574.0,7620002.0,6700,2023023457,2,0,0,1,0,0,0,1
228044.0,722929.0,8370184.0,7700,2023023502,2,0,0,0,0,1,0,1
188372.0,665772.0,8660022.0,7900,2023023566,4,0,0,0,0,1,0,1
220905.0,630927.0,190521.0,3000,2023023577,2,0,0,0,0,1,0,1
190864.0,667095.0,9770062.0,7900,2023023688,3,1,1,0,0,0,0,3
208084.0,758800.0,7470001.0,7600,2023023720,3,0,1,0,0,0,0,1
199734.0,747020.0,11060231.0,4000,2023023846,2,0,0,1,0,0,0,1
187781.0,693936.0,10590029.0,7400,2023023907,1,0,1,0,0,0,0,1
222005.0,633924.0,23670112.0,3000,2023024017,2,1,1,0,0,0,0,1
189413.0,665475.0,9060032.0,7900,2023024119,2,0,0,1,0,0,0,1
183640.0,645166.0,12170004.0,8400,2023024143,2,0,0,0,0,1,0,1
187374.0,687384.0,10190314.0,7400,2023024163,3,0,0,0,0,1,0,1
192131.0,704919.0,60007.0,6500,2023024184,2,1,1,0,0,0,0,1
190570.0,665100.0,11300414.0,7900,2023024199,2,0,0,0,0,1,0,1
219155.0,635420.0,28780001.0,3000,2023024350,2,0,0,1,0,0,0,1
180302.0,572247.0,440022.0,9000,2023024367,3,1,0,0,0,1,0,1
250423.0,743684.0,7600002.0,6700,2023024404,3,0,1,0,0,0,0,1
210141.0,729002.0,60001.0,240,2023024475,2,1,1,0,0,0,0,1
181076.0,666472.0,80151416.0,5000,2023024480,2,0,0,0,0,1,0,1
182079.0,663761.0,8980009.0,6300,2023024495,2,1,0,1,0,0,0,1
178011.0,656176.0,11100001.0,6600,2023024620,4,0,0,0,0,1,0,1
189584.0,667046.0,180014.0,7900,2023024725,4,0,1,0,0,0,0,1
194123.0,385321.0,180005.0,2600,2023024765,2,0,0,0,0,1,0,1
201361.0,745555.0,18380089.0,4000,2023024770,3,1,0,1,0,0,0,1
216399.0,630642.0,90316.0,3000,2023024811,3,1,0,0,0,1,0,1
177945.0,575074.0,10780012.0,9000,2023024825,4,1,1,0,0,0,0,3
200718.0,746411.0,7940212.0,4000,2023024884,2,0,1,0,0,0,0,2
221566.0,637379.0,24970714.0,3000,2023024925,3,1,0,0,0,1,0,1
219123.0,635968.0,24630724.0,3000,2023025020,4,0,1,0,0,0,0,1
219563.0,627920.0,92871417.0,3000,2023025242,2,0,0,0,0,1,0,1
187134.0,647854.0,10030201.0,8500,2023025267,2,0,1,0,0,0,0,1
181704.0,657808.0,170011.0,6600,2023025277,3,0,0,0,0,1,1,1
198219.0,708717.0,7910002.0,7800,2023025301,2,0,0,0,0,1,0,1
167813.0,635340.0,10150345.0,70,2023025361,3,1,1,0,0,0,0,3
193219.0,704397.0,8060002.0,6500,2023025373,2,0,1,0,0,0,0,1
193323.0,384473.0,8500001.0,2600,2023025675,2,0,0,1,0,0,0,1
215743.0,628847.0,92872779.0,3000,2023025760,2,0,0,0,0,1,0,1
217288.0,626884.0,24030844.0,3000,2023025893,3,0,0,0,0,1,0,1
219743.0,633275.0,260214.0,3000,2023025916,2,1,0,0,0,1,0,1
182522.0,653630.0,20170001.0,8300,2023026077,3,1,1,0,0,0,0,1
229738.0,733830.0,7070002.0,1061,2023026080,2,0,1,0,0,0,0,1
177172.0,661016.0,15600733.0,5000,2023026101,2,1,0,0,0,1,0,1
180498.0,663529.0,12500912.0,5000,2023026222,3,0,0,1,0,0,0,1
168951.0,637393.0,10150344.0,70,2023026284,3,1,1,0,0,0,0,1
168327.0,635376.0,10001.0,70,2023026364,3,1,1,0,0,0,0,1
189365.0,664737.0,8940032.0,7900,2023026488,4,1,0,0,0,1,0,1
182200.0,666195.0,10020114.0,8600,2023026519,2,0,0,0,0,1,0,1
222404.0,633726.0,8650723.0,3000,2023026539,5,1,1,0,0,0,0,1
184423.0,669189.0,24800244.0,5000,2023026595,1,0,0,1,0,0,0,1
179139.0,663791.0,30554.0,5000,2023026812,2,1,0,1,0,0,0,1
181466.0,651295.0,19010136.0,8300,2023026939,5,1,1,0,0,0,0,1
188914.0,678026.0,9580001.0,8700,2023027178,2,0,0,0,0,1,0,1
189943.0,650444.0,8350002.0,7000,2023027193,3,1,0,1,0,0,0,1
189575.0,660541.0,100001.0,9400,2023027205,2,0,1,0,0,0,0,1
199805.0,746516.0,10910232.0,4000,2023027280,5,0,0,0,0,1,0,1
185131.0,665144.0,30041.0,6100,2023027371,3,0,0,1,0,0,0,1
180764.0,574567.0,7860015.0,9000,2023027489,3,1,1,0,0,0,0,2
178570.0,573204.0,98340774.0,9000,2023027691,2,1,1,0,0,0,0,2
182573.0,661892.0,60350943.0,5000,2023027734,3,1,0,0,0,1,0,1
180522.0,653886.0,20390833.0,8300,2023027742,4,1,1,0,0,0,0,1
188657.0,666009.0,8810021.0,7900,2023027815,2,0,1,0,0,0,0,1
200660.0,646179.0,120001.0,1200,2023027854,2,0,1,0,0,0,0,1
220644.0,630920.0,12290151.0,3000,2023027877,2,1,0,0,0,1,0,1
222839.0,636337.0,24240735.0,3000,2023027940,3,1,0,1,0,0,0,1
180130.0,572395.0,50022.0,9000,2023028007,4,1,0,1,0,0,0,2
167095.0,631847.0,9470321.0,70,2023028043,3,0,1,0,0,0,0,1
253750.0,790625.0,7470001.0,2800,2023028091,3,0,0,0,0,1,0,1
175667.0,658910.0,90023.0,6200,2023028125,2,0,0,1,0,0,0,1
228415.0,631094.0,80001.0,3616,2023028670,2,0,1,0,0,0,0,1
178105.0,663976.0,570523.0,5000,2023028715,2,0,0,1,0,0,0,1
185820.0,664926.0,670001.0,681,2023028770,2,0,0,1,0,0,0,1
180497.0,670053.0,24170112.0,5000,2023028853,4,0,0,1,0,0,0,1
207147.0,759090.0,200006.0,7600,2023028942,3,0,1,0,0,0,0,1
219136.0,633110.0,120214.0,3000,2023029140,2,1,1,0,0,0,0,1
185175.0,671578.0,7260003.0,2650,2023029156,2,1,0,0,0,1,0,1
181153.0,665174.0,53000001.0,5000,2023029206,3,1,0,0,0,1,0,1
206851.0,749829.0,12130008.0,9600,2023029232,1,1,0,0,0,1,0,1
231909.0,737198.0,7910002.0,1061,2023029272,2,0,0,0,0,1,0,1
249644.0,744613.0,90004.0,6700,2023029280,3,0,0,0,0,1,0,1
190570.0,666377.0,690062.0,7900,2023029332,3,0,1,0,0,0,0,1
199306.0,627654.0,8200001.0,2610,2023029413,2,0,0,0,0,1,0,1
221937.0,633877.0,92871279.0,3000,2023029464,4,1,1,0,0,0,0,1
187216.0,694284.0,8210022.0,7400,2023029507,2,1,1,0,0,0,0,1
205570.0,745683.0,470131.0,4000,2023029529,2,1,0,1,0,0,0,3
218282.0,633285.0,29870001.0,3000,2023029537,2,0,0,0,0,1,0,1
180989.0,665365.0,80150533.0,5000,2023029545,2,1,0,0,0,1,0,1
166192.0,633660.0,7910013.0,70,2023029626,4,1,1,0,0,0,0,2
197275.0,665722.0,28420251.0,2640,2023029660,1,0,1,0,0,0,0,1
181520.0,644682.0,8600005.0,8400,2023029690,3,1,1,0,0,0,0,1
177762.0,574005.0,98340901.0,9000,2023029732,3,0,0,0,0,1,0,1
181499.0,669854.0,16810122.0,5000,2023029760,3,0,0,0,0,1,0,1
181323.0,675083.0,1070009.0,6400,2023029802,2,0,0,0,0,1,0,1
193128.0,712014.0,640017.0,1020,2023029929,2,0,1,0,0,0,0,1
220660.0,631277.0,12050152.0,3000,2023029982,2,1,0,0,1,0,0,1
192722.0,684852.0,40001.0,154,2023030097,1,0,1,0,0,0,0,1
190414.0,651632.0,12840016.0,7000,2023030103,1,0,0,0,0,1,0,1
185633.0,689682.0,9950313.0,7400,2023030151,4,1,1,0,0,0,0,3
184626.0,666441.0,10590001.0,6100,2023030248,2,0,0,0,0,1,0,1
175934.0,658286.0,9070213.0,6200,2023030272,2,0,0,0,0,1,0,1
218760.0,630383.0,92872736.0,3000,2023030330,3,1,1,0,0,0,0,1
203222.0,742470.0,160001.0,2500,2023030496,2,0,1,0,0,0,0,1
179743.0,661886.0,14880823.0,5000,2023030550,2,1,0,0,0,1,0,1
178994.0,664697.0,8580344.0,5000,2023030634,2,1,0,0,0,1,0,1
178135.0,658996.0,7990042.0,6600,2023030736,3,0,0,0,0,1,0,1
189770.0,686416.0,250001.0,195,2023030780,2,0,1,0,0,0,0,1
179047.0,659553.0,7090000.0,6600,2023030815,2,1,1,0,0,0,0,1
183104.0,641442.0,240086.0,469,2023030839,2,0,1,0,0,0,0,1
181495.0,646593.0,17760005.0,8400,2023030854,4,1,1,0,0,0,0,1
178642.0,613773.0,7780001.0,2630,2023030921,3,0,1,0,0,0,1,1
228695.0,735373.0,9160031.0,7300,2023030931,5,0,0,1,0,0,0,1
181587.0,665583.0,9790117.0,8600,2023031063,4,1,0,1,0,0,0,1
201700.0,645819.0,270001.0,1200,2023031090,3,0,1,0,0,0,0,1
178642.0,662226.0,24140826.0,5000,2023031136,3,0,1,0,0,0,0,1
209384.0,767079.0,7930006.0,9100,2023031219,3,0,0,0,0,1,0,1
209277.0,766003.0,14910001.0,9100,2023031358,3,1,0,0,0,1,0,3
166036.0,633113.0,8900001.0,70,2023031392,5,1,1,0,0,0,0,1
264575.0,766840.0,20001.0,4100,2023031489,2,0,0,0,0,1,0,1
207469.0,759415.0,100005.0,7600,2023031504,3,0,1,0,0,0,0,1
177889.0,664004.0,80522.0,5000,2023031681,2,1,0,1,0,0,0,1
188106.0,690787.0,10590353.0,7400,2023031757,2,0,0,0,0,1,0,1
218843.0,632575.0,27740214.0,3000,2023031818,4,1,0,1,0,0,0,1
192344.0,676715.0,12540003.0,6900,2023031897,4,1,1,0,0,0,0,2
178850.0,665767.0,7630325.0,5000,2023031995,2,1,0,0,0,1,0,1
230454.0,758733.0,8340160.0,1139,2023032014,3,0,0,0,0,1,0,1
189581.0,665705.0,170033.0,7900,2023032191,2,0,0,0,0,1,0,1
199643.0,744433.0,18380365.0,4000,2023032222,2,0,1,0,0,0,0,1
179327.0,571785.0,340062.0,9000,2023032338,3,0,0,0,0,1,1,1
182102.0,652178.0,9190004.0,8300,2023032352,5,0,1,0,0,0,0,1
167033.0,635039.0,7710005.0,70,2023032446,3,0,0,0,0,1,0,1
213973.0,633589.0,360001.0,1015,2023032533,3,1,0,0,0,1,0,1
196734.0,662364.0,140032.0,1309,2023032574,2,0,0,0,0,1,0,1
178193.0,663708.0,11420534.0,5000,2023032726,2,0,0,1,0,0,0,1
187177.0,687759.0,9890314.0,7400,2023032834,3,1,1,0,0,0,0,1
198811.0,748178.0,14620222.0,4000,2023032917,5,1,1,0,0,0,0,2
166499.0,634179.0,7900013.0,70,2023032920,3,1,1,0,0,0,0,3
203863.0,744110.0,17530232.0,4000,2023032982,3,0,0,0,0,1,0,1
186991.0,663703.0,68150106.0,2620,2023033023,3,1,0,0,0,1,0,1
178062.0,661987.0,40714.0,5000,2023033037,2,0,0,0,0,1,0,1
179563.0,664125.0,11960611.0,5000,2023033089,1,0,0,1,0,0,0,1
209031.0,767147.0,7960006.0,9100,2023033094,3,0,0,0,0,1,0,1
178991.0,666417.0,7430317.0,5000,2023033133,2,0,0,0,0,1,0,1
184990.0,668452.0,20227.0,5000,2023033229,3,0,0,0,0,1,0,1
189924.0,666709.0,9520043.0,7900,2023033270,3,1,1,0,0,0,0,1
160423.0,620315.0,8770021.0,7100,2023033306,4,1,1,0,0,0,0,1
178230.0,661426.0,14560714.0,5000,2023033331,3,1,0,1,0,0,0,1
206881.0,749985.0,7850001.0,9600,2023033338,1,0,0,1,0,0,0,1
161344.0,604094.0,480001.0,1031,2023033368,2,0,0,1,0,0,0,1
183860.0,664641.0,220216.0,8600,2023033445,3,0,0,0,0,1,0,1
195652.0,708653.0,8840139.0,7800,2023033524,4,0,0,0,0,1,0,1
159925.0,621663.0,8750001.0,7100,2023033544,5,0,1,0,0,0,0,1
186866.0,689296.0,450051.0,7400,2023033574,2,0,0,0,0,1,0,1
179894.0,571994.0,180022.0,9000,2023033690,1,0,0,1,0,0,0,1
206915.0,747878.0,18380699.0,4000,2023033747,4,0,0,0,0,1,0,1
167194.0,634264.0,7750006.0,70,2023033785,2,0,1,0,0,0,0,1
189945.0,673259.0,22010007.0,9700,2023033831,2,0,0,0,0,1,0,1
191544.0,706372.0,9800154.0,6500,2023034065,2,0,0,0,0,1,0,1
159316.0,619031.0,7940002.0,7100,2023034195,5,1,1,0,0,0,0,1
207741.0,750956.0,50001.0,9600,2023034301,5,1,0,0,0,1,0,1
179993.0,572117.0,140022.0,9000,2023034344,2,0,0,0,0,1,0,1
180530.0,665602.0,10160424.0,5000,2023034545,3,1,0,0,0,1,0,1
220487.0,630904.0,12270151.0,3000,2023034558,3,0,0,0,0,1,0,1
201113.0,745417.0,18380915.0,4000,2023034607,2,1,0,0,0,1,0,1
179144.0,613123.0,7300004.0,2630,2023034667,3,1,1,0,0,0,0,1
200456.0,743752.0,18380868.0,4000,2023034696,3,1,1,0,0,0,0,2
192196.0,703112.0,8520001.0,6500,2023034794,3,0,0,0,1,0,0,1
178920.0,662837.0,50815.0,5000,2023034859,2,0,0,1,0,0,0,1
184851.0,669428.0,17430225.0,5000,2023034890,4,1,0,1,0,0,0,1
192027.0,706037.0,9400004.0,6500,2023034967,2,0,0,0,0,1,0,1
185398.0,688272.0,10590502.0,7400,2023035013,4,1,1,0,0,0,0,2
250599.0,744135.0,7960002.0,6700,2023035075,2,1,1,0,0,0,0,1
218039.0,636546.0,92871461.0,3000,2023035120,3,1,1,0,0,0,0,1
223611.0,637331.0,92872580.0,3000,2023035121,3,1,0,0,0,1,0,1
200183.0,746574.0,50525.0,4000,2023035392,2,0,1,0,0,0,0,1
181096.0,668763.0,22610125.0,5000,2023035400,3,0,0,0,0,1,0,1
178597.0,662736.0,20814.0,5000,2023035502,2,0,0,1,0,0,0,1
158982.0,618503.0,8190009.0,7100,2023035507,2,0,1,0,0,0,0,1
161420.0,619217.0,7820003.0,7100,2023035670,2,0,1,0,0,0,0,1
179797.0,664785.0,8920433.0,5000,2023035673,2,1,0,0,0,1,0,1
178212.0,663902.0,11270523.0,5000,2023036070,3,0,0,0,0,1,0,1
179124.0,574163.0,7040011.0,9000,2023036138,3,1,1,0,0,0,0,1
222180.0,634188.0,92871280.0,3000,2023036152,3,0,1,0,0,0,0,2
186285.0,659248.0,8120001.0,2400,2023036155,2,0,0,0,0,1,0,1
178713.0,663450.0,12950556.0,5000,2023036175,2,1,0,0,0,1,0,1
188129.0,665753.0,160023.0,7900,2023036253,2,0,1,0,0,0,0,1
219464.0,628764.0,26480415.0,3000,2023036287,2,0,0,0,0,1,0,1
182876.0,662681.0,380231.0,8600,2023036470,2,0,0,1,0,0,0,1
201290.0,745244.0,8120132.0,4000,2023036485,4,1,1,0,0,0,0,1
183304.0,667111.0,67620111.0,8600,2023036489,3,1,1,0,0,0,0,2
208916.0,767993.0,500006.0,9100,2023036611,3,1,1,0,0,0,0,1
166497.0,633493.0,8300054.0,70,2023036645,2,1,1,0,0,0,0,1
195689.0,385483.0,8380006.0,2600,2023036660,1,0,0,1,0,0,1,1
179372.0,663911.0,10830517.0,5000,2023036779,1,1,0,0,0,1,0,1
181632.0,650805.0,20390895.0,8300,2023036785,5,1,1,0,0,0,0,3
218245.0,633124.0,200213.0,3000,2023036869,2,0,0,0,0,1,0,1
178347.0,574448.0,10070053.0,9000,2023036891,5,1,1,0,0,0,0,1
181380.0,657208.0,10750011.0,6600,2023036922,4,1,0,1,0,0,0,1
158564.0,619216.0,8020002.0,7100,2023036973,3,1,1,0,0,0,0,1
184613.0,671690.0,22110001.0,2650,2023037004,4,1,0,1,0,0,0,1
186520.0,688086.0,30053.0,7400,2023037099,4,1,1,0,0,0,0,1
180773.0,664778.0,100911.0,5000,2023037155,2,0,0,0,0,1,0,1
208897.0,750677.0,12450001.0,8200,2023037219,2,0,1,0,0,0,0,1
195131.0,384794.0,8780147.0,2600,2023037245,2,0,0,1,0,0,0,1
218427.0,630493.0,26560251.0,3000,2023037332,3,1,0,0,0,1,0,3
186710.0,662735.0,68150088.0,2620,2023037341,3,1,0,0,0,1,0,1
180341.0,669117.0,25430112.0,5000,2023037488,2,1,0,0,0,1,0,6
229295.0,733768.0,7030002.0,1061,2023037527,2,1,1,0,0,0,0,2
192999.0,384050.0,8720001.0,2600,2023037551,2,0,0,1,0,0,0,1
192678.0,686797.0,310177.0,195,2023037603,5,0,0,0,0,1,0,1
217964.0,628625.0,25820842.0,3000,2023037639,4,0,0,0,0,1,0,4
184929.0,666995.0,8270012.0,6100,2023037668,2,1,1,0,0,0,0,1
184728.0,666794.0,60013.0,6100,2023037676,2,0,0,1,0,0,0,1
167074.0,636902.0,8750002.0,70,2023037705,3,0,1,0,0,0,0,2
188516.0,667558.0,99970119.0,7900,2023037863,5,1,1,0,0,0,0,1
221423.0,629974.0,12650532.0,3000,2023037880,3,1,1,0,0,0,0,1
215895.0,629228.0,70322.0,3000,2023037949,3,0,0,0,0,1,0,1
219497.0,632168.0,92872453.0,3000,2023037961,2,1,0,0,0,1,0,1
181016.0,576574.0,15800001.0,9000,2023037968,2,0,0,0,0,1,0,1
219894.0,632235.0,16830164.0,3000,2023038104,3,0,1,0,0,0,0,1
219055.0,632828.0,92870804.0,3000,2023038116,3,1,0,0,0,1,0,1
186892.0,659384.0,8050002.0,2400,2023038129,2,0,0,1,0,0,0,1
196074.0,707794.0,280004.0,7800,2023038372,2,0,0,0,0,1,0,1
183016.0,669511.0,17000211.0,5000,2023038375,5,1,1,0,0,0,0,2
178761.0,662610.0,110815.0,5000,2023038425,4,0,0,1,0,0,0,1
200178.0,746330.0,8420525.0,4000,2023038559,2,1,0,1,0,0,0,1
208573.0,767236.0,8010006.0,9100,2023038750,3,0,0,0,0,1,0,1
160709.0,620286.0,8780021.0,7100,2023038830,5,1,1,0,0,0,0,1
207465.0,748362.0,7420003.0,8200,2023038911,2,0,0,1,0,0,0,1
178349.0,653920.0,20390902.0,8300,2023038921,3,0,0,0,0,1,0,1
230876.0,734531.0,7820003.0,1061,2023038948,4,1,1,0,0,0,0,1
178697.0,662841.0,13510812.0,5000,2023039033,2,0,0,1,0,0,0,1
206079.0,746679.0,160131.0,4000,2023039143,5,1,1,0,0,0,0,3
207214.0,750224.0,15660009.0,9600,2023039144,5,1,1,0,0,0,0,3
181051.0,665846.0,80151220.0,5000,2023039158,3,1,0,0,0,1,0,1
189670.0,665840.0,9220033.0,7900,2023039222,3,0,0,1,0,0,0,1
181084.0,670123.0,25070122.0,5000,2023039519,2,0,1,0,0,0,0,1
218991.0,632935.0,92870789.0,3000,2023039615,5,1,0,0,0,1,0,1
159024.0,619533.0,1600002.0,7100,2023039634,2,0,1,0,0,0,0,1
181644.0,662960.0,18100921.0,5000,2023039674,2,1,1,0,0,0,0,1
177862.0,663922.0,11180522.0,5000,2023039744,3,1,0,1,0,0,0,1
180764.0,667850.0,20820125.0,5000,2023039815,2,0,0,0,0,1,0,1
221705.0,637323.0,23780714.0,3000,2023040066,5,1,1,0,0,0,0,1
180222.0,571834.0,8490021.0,9000,2023040124,3,1,1,0,0,0,0,2
179638.0,664145.0,11950611.0,5000,2023040126,2,1,1,0,0,0,0,1
182275.0,648419.0,17810032.0,7200,2023040202,2,0,1,0,0,0,0,1
181392.0,650755.0,20260001.0,8300,2023040258,5,1,1,0,0,0,0,1
200530.0,745721.0,10528.0,4000,2023040399,2,1,0,0,0,1,0,1
199181.0,747028.0,10520233.0,4000,2023040435,3,0,0,0,0,1,0,1
217900.0,631940.0,15820232.0,3000,2023040453,3,1,0,0,0,1,0,1
228906.0,631405.0,20001.0,3616,2023040485,2,0,1,0,0,0,0,1
231397.0,633889.0,130073.0,3616,2023040674,5,0,1,0,0,0,0,3
222858.0,633835.0,24260723.0,3000,2023040699,2,0,0,0,1,0,0,1
192591.0,675642.0,13030310.0,6900,2023040729,2,0,1,0,0,0,0,1
161061.0,619352.0,360003.0,7100,2023040857,1,0,0,1,0,0,0,1
166779.0,633871.0,90013.0,70,2023040979,3,1,1,0,0,0,0,1
204732.0,745496.0,17850952.0,4000,2023040990,3,1,1,0,0,0,0,3
222011.0,633818.0,24310761.0,3000,2023041020,4,1,0,0,0,1,0,1
188976.0,676217.0,8330001.0,8700,2023041084,2,1,1,0,0,0,0,1
200473.0,744938.0,18130001.0,4000,2023041199,3,1,1,0,0,0,0,2
251679.0,763839.0,50001.0,26,2023041238,2,0,0,0,0,1,0,1
166247.0,631476.0,9200073.0,70,2023041402,2,0,1,0,0,0,0,1
205084.0,741531.0,15700001.0,2500,2023041581,3,1,0,0,0,1,0,3
181395.0,652592.0,540007.0,8300,2023041902,1,0,0,1,0,0,0,1
184011.0,675092.0,9850034.0,6400,2023041928,2,1,0,0,0,1,0,1
250520.0,744190.0,7480001.0,6700,2023041958,2,1,0,0,0,1,0,1
220030.0,629615.0,13940414.0,3000,2023042128,2,0,0,1,0,0,0,1
220791.0,632805.0,10380127.0,3000,2023042249,3,1,0,0,1,0,0,1
182576.0,668203.0,24380215.0,5000,2023042301,3,0,1,0,0,0,0,4
181754.0,669799.0,23920122.0,5000,2023042349,4,1,0,1,0,0,0,1
207508.0,759017.0,320006.0,7600,2023042491,4,0,0,1,0,0,0,1
177294.0,658993.0,8480012.0,6200,2023042521,4,1,0,0,0,1,0,1
177391.0,662055.0,14390711.0,5000,2023042667,2,0,0,0,0,1,0,1
187214.0,648191.0,8280004.0,8500,2023042746,3,1,1,0,0,0,0,1
188912.0,674379.0,22430250.0,9700,2023042791,3,0,0,0,0,1,0,1
189773.0,677934.0,13030396.0,6900,2023043134,4,0,1,0,0,0,0,1
181180.0,663516.0,12690913.0,5000,2023043232,3,1,0,1,0,0,0,1
215287.0,634361.0,430122.0,1015,2023043242,3,0,0,0,0,1,0,1
161862.0,618992.0,10130033.0,7100,2023043257,4,0,0,0,0,1,0,1
201182.0,742287.0,180622.0,4000,2023043357,2,0,1,0,0,0,0,1
199867.0,709014.0,8840029.0,7800,2023043385,2,0,1,0,0,0,0,1
199178.0,744595.0,8820421.0,4000,2023043426,2,0,0,0,0,1,0,1
208979.0,750607.0,12500025.0,8200,2023043481,2,0,0,0,0,1,0,1
199438.0,746890.0,10490233.0,4000,2023043602,2,1,0,0,0,1,0,1
180042.0,573302.0,98340042.0,9000,2023043681,2,0,1,0,0,0,0,1
220715.0,631394.0,92870668.0,3000,2023043846,3,1,0,0,0,1,0,2
186368.0,666642.0,99970349.0,7900,2023043893,4,0,1,0,0,0,0,2
227073.0,724132.0,8310001.0,7700,2023043895,4,0,0,0,0,1,0,1
179614.0,662556.0,10500817.0,5000,2023043973,2,1,1,0,0,0,0,1
194639.0,385189.0,7460001.0,2600,2023044195,2,0,1,0,0,0,0,1
200798.0,746169.0,18380186.0,4000,2023044243,2,1,0,1,0,0,0,1
178144.0,657971.0,9910052.0,6600,2023044268,3,0,0,0,0,1,0,1
179614.0,572128.0,410062.0,9000,2023044272,2,0,0,0,0,1,0,1
195586.0,385860.0,7770001.0,2600,2023044287,3,0,0,1,0,0,0,1
208035.0,748951.0,7280001.0,8200,2023044318,3,0,1,0,0,0,0,1
182446.0,652214.0,9140004.0,8300,2023044387,2,0,1,0,0,0,0,1
178957.0,663539.0,80130554.0,5000,2023044466,3,1,0,0,0,1,0,1
187914.0,665836.0,150023.0,7900,2023044507,2,0,0,0,0,1,0,1
183424.0,574035.0,98340048.0,9000,2023044548,5,1,1,0,0,0,0,2
189870.0,672291.0,22430077.0,9700,2023044555,3,1,1,0,0,0,0,1
189741.0,687196.0,10001.0,182,2023044620,2,0,1,0,0,0,0,1
190800.0,705243.0,9800532.0,6500,2023044628,5,1,1,0,0,0,0,1
186316.0,687478.0,210053.0,7400,2023044763,2,1,1,0,0,0,0,1
222271.0,628930.0,24100832.0,3000,2023044800,3,0,0,0,0,1,0,1
190927.0,664492.0,170055.0,7900,2023044812,2,0,1,0,0,0,0,1
199939.0,747132.0,7760223.0,4000,2023044813,2,0,0,1,0,0,0,1
197501.0,748447.0,14570313.0,4000,2023044820,3,0,1,0,0,0,0,1
178465.0,659183.0,330042.0,6600,2023044860,2,0,0,0,0,1,0,1
180692.0,664202.0,20912.0,5000,2023044943,4,1,0,0,0,1,0,1
178427.0,663387.0,20557.0,5000,2023044986,2,1,0,1,0,0,0,1
180478.0,571946.0,10200521.0,9000,2023045004,2,1,1,0,0,0,0,3
189359.0,666843.0,9410014.0,7900,2023045030,2,0,1,0,0,0,0,1
199612.0,625576.0,8180001.0,2610,2023045032,2,0,1,0,0,0,1,1
166640.0,634062.0,9890011.0,70,2023045103,4,0,1,0,0,0,0,1
229505.0,736267.0,4.0,542,2023045122,3,0,0,0,0,1,0,1
177411.0,613456.0,130003.0,2630,2023045144,3,0,1,0,0,0,0,1
178203.0,656725.0,10930835.0,6600,2023045169,2,0,0,0,0,1,0,1
206583.0,749315.0,12350008.0,9600,2023045211,3,1,1,0,0,0,0,1
176332.0,659295.0,7500013.0,6200,2023045242,2,1,0,1,0,0,0,1
189854.0,675722.0,12800006.0,6900,2023045384,3,1,1,0,0,0,0,1
218023.0,629550.0,92870904.0,3000,2023045429,3,0,0,1,0,0,0,1
187236.0,687979.0,10590523.0,7400,2023045445,3,1,1,0,0,0,0,1
229598.0,733792.0,7790001.0,1061,2023045536,5,0,0,0,0,1,0,1
182575.0,666128.0,9520113.0,8600,2023045571,3,1,0,1,0,0,0,1
190329.0,671692.0,21800004.0,9700,2023045599,3,1,0,0,0,1,0,1
182627.0,664832.0,8440005.0,6300,2023045647,3,0,0,0,0,1,0,1
183972.0,667355.0,67630011.0,6100,2023045692,3,1,1,0,0,0,0,3
200604.0,745765.0,9950527.0,4000,2023045727,3,1,0,0,0,1,0,1
177459.0,662709.0,18630532.0,5000,2023045771,2,0,0,1,0,0,0,1
181268.0,648590.0,7240001.0,7200,2023045878,3,0,0,0,0,1,0,1
178196.0,663017.0,18810533.0,5000,2023045887,4,0,0,0,0,1,0,1
167753.0,633015.0,8460041.0,70,2023045902,1,0,1,0,0,0,0,1
180311.0,644818.0,17890040.0,8400,2023046032,2,1,1,0,0,0,0,1
186706.0,667595.0,99970487.0,7900,2023046034,4,1,1,0,0,0,0,1
159695.0,620025.0,10800344.0,7100,2023046159,5,1,1,0,0,0,0,1
179066.0,663653.0,50554.0,5000,2023046234,2,1,0,1,0,0,0,1
188670.0,665825.0,8830033.0,7900,2023046807,3,1,1,0,0,0,0,1
178813.0,664063.0,10900516.0,5000,2023046840,2,0,0,1,0,0,0,1
208810.0,749403.0,650002.0,9500,2023046861,3,0,0,0,0,1,0,1
182063.0,644775.0,110007.0,8400,2023046940,2,0,0,0,0,1,0,1
176508.0,661044.0,480724.0,5000,2023046972,2,0,0,1,0,0,1,1
177902.0,661953.0,14350714.0,5000,2023046977,5,1,0,1,0,0,0,1
180651.0,667796.0,20780125.0,5000,2023047140,4,1,0,1,0,0,0,1
209344.0,767928.0,600006.0,9100,2023047207,3,1,1,0,0,0,0,1
185897.0,675925.0,550007.0,6400,2023047245,2,0,0,0,0,1,0,1
203509.0,742988.0,15410001.0,2500,2023047341,4,1,0,0,0,1,0,2
183076.0,663263.0,47860047.0,6300,2023047517,2,0,0,0,0,1,0,1
178940.0,662900.0,40815.0,5000,2023047575,4,1,0,1,0,0,0,1
179608.0,666173.0,9400316.0,5000,2023047887,3,1,0,0,0,1,0,1
219051.0,632989.0,92872049.0,3000,2023047895,2,1,1,0,0,0,0,1
180069.0,666793.0,9770414.0,5000,2023047966,3,1,0,0,0,1,0,1
183365.0,663266.0,17150227.0,8600,2023047992,2,1,1,0,0,0,0,1
196285.0,708675.0,8690003.0,7800,2023048069,3,0,1,0,0,0,0,1
216996.0,628671.0,92871986.0,3000,2023048079,2,1,1,0,0,0,0,1
179680.0,612721.0,8590062.0,2630,2023048080,5,0,1,0,0,0,0,1
223036.0,732832.0,570163.0,874,2023048145,2,0,0,0,0,1,0,1
193019.0,675344.0,8800002.0,6900,2023048241,4,1,1,0,0,0,0,1
220024.0,574110.0,30002.0,2560,2023048408,3,0,1,0,0,0,0,1
186326.0,693983.0,10590095.0,7400,2023048440,2,0,1,0,0,0,0,1
166045.0,633868.0,8140014.0,70,2023048451,2,0,1,0,0,0,0,1
199047.0,743772.0,18380992.0,4000,2023048499,2,0,1,0,0,0,0,1
181106.0,670255.0,23550121.0,5000,2023048618,2,0,0,0,0,1,0,1
197617.0,628291.0,8310195.0,2610,2023049130,3,1,1,0,0,0,0,5
195325.0,666651.0,28420065.0,2640,2023049207,3,0,0,0,0,1,0,1
218520.0,632610.0,110231.0,3000,2023049309,2,0,1,0,0,0,1,1
179128.0,660722.0,21220744.0,5000,2023049312,4,1,0,1,0,0,0,1
188697.0,667234.0,99970078.0,7900,2023049327,4,1,0,0,0,1,0,1
198857.0,747728.0,10700311.0,4000,2023049330,4,1,1,0,0,0,0,1
219859.0,630352.0,14060423.0,3000,2023049409,3,0,0,0,0,1,0,1
199885.0,746497.0,13210524.0,4000,2023049465,2,1,0,0,1,0,0,1
194907.0,709277.0,100085.0,1167,2023049525,3,0,1,0,0,0,0,1
203821.0,742706.0,15670001.0,2500,2023049535,2,1,0,1,0,0,0,2
221355.0,634156.0,8940111.0,3000,2023049539,3,1,1,0,0,0,0,1
188689.0,690612.0,10590185.0,7400,2023049551,2,0,0,0,0,1,0,1
158852.0,619025.0,8640009.0,7100,2023049560,2,0,0,0,0,1,0,1
186853.0,689580.0,10590189.0,7400,2023049570,2,0,0,1,0,0,0,1
181357.0,661555.0,23910937.0,5000,2023049779,3,1,1,0,0,0,0,1
218545.0,626668.0,23890842.0,3000,2023049955,4,1,1,0,0,0,0,1
190735.0,664943.0,99970296.0,7900,2023050145,2,0,0,0,0,1,0,1
188064.0,663169.0,10001.0,229,2023050220,3,0,0,0,0,1,0,1
183985.0,666042.0,8730022.0,6100,2023050223,2,1,0,1,0,0,0,1
200244.0,747183.0,250224.0,4000,2023050230,2,1,0,0,0,1,0,1
185594.0,664729.0,67780024.0,681,2023050280,3,1,0,1,0,0,0,1
189025.0,665873.0,9280033.0,7900,2023050307,2,1,0,0,0,1,0,1
201239.0,745528.0,290211.0,4000,2023050409,5,1,1,0,0,0,0,1
182665.0,663582.0,7490010.0,6300,2023050495,3,1,0,0,0,1,0,1
217646.0,628783.0,92871052.0,3000,2023050607,3,1,0,0,0,1,0,1
202064.0,744353.0,17100616.0,4000,2023050620,4,0,1,0,0,0,0,1
186401.0,676897.0,7960002.0,8700,2023050801,3,1,1,0,0,0,0,2
221617.0,631042.0,92872784.0,3000,2023050838,2,1,0,0,1,0,1,1
199019.0,744211.0,18380355.0,4000,2023050868,2,0,0,0,0,1,0,1
220041.0,631571.0,250161.0,3000,2023051177,4,0,0,0,0,1,0,1
197229.0,744241.0,18380745.0,4000,2023051241,3,1,1,0,0,0,0,2
186137.0,667491.0,17460001.0,7900,2023051298,4,1,1,0,0,0,0,1
197232.0,743814.0,18380972.0,4000,2023051339,2,0,0,0,0,1,0,1
182418.0,651563.0,9240003.0,8300,2023051447,4,0,0,0,0,1,0,1
221847.0,638267.0,8310713.0,3000,2023051569,3,1,0,0,0,1,0,7
179579.0,571961.0,380062.0,9000,2023051587,3,0,0,0,0,1,0,1
178355.0,662132.0,14510713.0,5000,2023051938,4,1,0,1,0,0,0,1
253490.0,790037.0,7540004.0,2800,2023052002,5,1,1,0,0,0,0,2
202120.0,744316.0,18380336.0,4000,2023052212,2,0,1,0,0,0,0,1
226990.0,757473.0,8340197.0,1139,2023052224,3,0,0,0,0,1,0,1
200279.0,643130.0,780201.0,1200,2023052227,3,0,1,0,0,0,0,3
188360.0,667796.0,11850011.0,7900,2023052233,5,1,0,0,0,1,0,1
180316.0,651500.0,18110008.0,8300,2023052237,3,1,1,0,0,0,0,3
161008.0,592591.0,610007.0,246,2023052279,2,0,0,0,0,1,0,1
213036.0,745647.0,13290041.0,6800,2023052310,2,0,0,0,0,1,0,1
183994.0,667272.0,120011.0,6100,2023052397,2,1,1,0,0,0,0,1
166282.0,634793.0,7630003.0,70,2023052647,2,0,1,0,0,0,0,1
179799.0,663059.0,230624.0,5000,2023052662,3,1,1,0,0,0,0,1
222720.0,731405.0,570031.0,874,2023052870,2,0,1,0,0,0,0,1
217794.0,631209.0,24020251.0,3000,2023052898,3,1,1,0,0,0,0,2
180913.0,662336.0,18010924.0,5000,2023052972,2,1,0,1,0,0,0,1
222615.0,637359.0,25750735.0,3000,2023052996,3,1,0,0,0,1,0,1
176816.0,658103.0,8040033.0,6200,2023053011,2,1,1,0,0,0,0,1
199105.0,745489.0,9000422.0,4000,2023053035,2,1,1,0,0,0,0,1
201665.0,743173.0,250623.0,4000,2023053060,3,1,1,0,0,0,0,1
181321.0,657537.0,190011.0,6600,2023053151,2,0,1,0,0,0,1,1
178306.0,664158.0,140523.0,5000,2023053165,2,0,0,1,0,0,0,1
189770.0,666710.0,11200014.0,7900,2023053343,3,0,0,0,0,1,0,1
228485.0,758533.0,630001.0,1139,2023053348,4,0,0,0,0,1,0,1
182083.0,664477.0,8010004.0,6300,2023053404,2,0,0,0,0,1,0,1
181970.0,653804.0,18140111.0,8300,2023053431,5,1,1,0,0,0,0,3
193558.0,384792.0,8270012.0,2600,2023053631,2,0,0,1,0,0,0,1
165926.0,632929.0,9430312.0,70,2023053686,5,0,1,0,0,0,0,1
186968.0,664916.0,99970698.0,7900,2023053779,1,0,0,0,0,1,0,1
192510.0,713588.0,340001.0,1020,2023053857,3,0,1,0,0,0,0,1
210936.0,746876.0,13240002.0,6800,2023053943,5,1,1,0,0,0,0,1
180657.0,574168.0,98340097.0,9000,2023053960,5,1,1,0,0,0,0,2
200150.0,683195.0,4.0,1345,2023053988,1,0,0,0,0,1,0,1
230071.0,733138.0,7590004.0,1061,2023054000,1,0,0,1,0,0,0,1
215936.0,629422.0,14910321.0,3000,2023054012,3,0,0,0,0,1,0,1
183651.0,664921.0,8580214.0,8600,2023054122,3,1,0,0,0,1,0,1
219289.0,632194.0,27730214.0,3000,2023054320,3,1,0,0,0,1,0,1
221329.0,631776.0,11130132.0,3000,2023054325,4,0,0,0,1,0,0,1
186970.0,693527.0,8620023.0,7400,2023054365,2,1,1,0,0,0,0,1
185464.0,574643.0,250001.0,666,2023054368,2,0,0,0,0,1,0,1
179126.0,572401.0,80063.0,9000,2023054399,3,0,0,0,0,1,0,1
184531.0,649338.0,7770001.0,2530,2023054429,2,0,1,0,0,0,0,1
175464.0,657697.0,7820031.0,6200,2023054555,3,1,0,1,0,0,0,1
199223.0,627614.0,8060001.0,2610,2023054566,2,0,1,0,0,0,0,1
220082.0,634090.0,24640211.0,3000,2023054614,3,1,1,0,0,0,0,1
188741.0,691960.0,190041.0,7400,2023054723,3,0,0,0,0,1,0,1
199386.0,745024.0,200422.0,4000,2023054792,2,0,1,0,0,0,0,2
205042.0,707311.0,10011.0,1247,2023054906,2,0,1,0,0,0,0,1
210172.0,767526.0,14970092.0,9100,2023055079,2,0,0,0,0,1,0,1
201667.0,741329.0,18060412.0,4000,2023055195,2,1,0,0,0,1,0,2
187122.0,666557.0,11170115.0,7900,2023055331,5,0,1,0,0,0,0,1
178801.0,663121.0,13000556.0,5000,2023055334,3,1,0,1,0,0,0,1
201379.0,742666.0,17000742.0,4000,2023055376,5,0,1,0,0,0,0,1
178986.0,663044.0,10815.0,5000,2023055391,2,0,0,1,0,0,0,1
175456.0,642391.0,190001.0,2660,2023055460,5,0,1,0,0,0,0,1
167260.0,632084.0,10150362.0,70,2023055544,4,1,1,0,0,0,0,3
179529.0,663440.0,40624.0,5000,2023055586,4,0,0,1,0,0,0,1
181669.0,675711.0,410009.0,6400,2023055592,2,0,0,0,0,1,0,1
196403.0,747161.0,17830424.0,4000,2023055593,2,0,0,0,0,1,0,1
189605.0,705149.0,9800200.0,6500,2023055595,1,0,0,0,0,1,0,1
167411.0,635317.0,170007.0,70,2023055689,3,0,1,0,0,0,0,1
177712.0,575487.0,98340219.0,9000,2023055691,4,0,1,0,0,0,0,1
204721.0,741289.0,15550001.0,2500,2023055760,2,0,1,0,0,0,0,2
187731.0,649226.0,10030065.0,8500,2023055884,3,0,1,0,0,0,0,1
179504.0,665305.0,8340431.0,5000,2023056036,2,1,0,1,0,0,0,1
190661.0,671160.0,21950006.0,9700,2023056122,3,1,1,0,0,0,0,2
180487.0,572654.0,8370023.0,9000,2023056188,3,1,0,1,0,0,0,2
163889.0,579899.0,40002.0,31,2023056259,2,0,1,0,0,0,0,1
227551.0,757866.0,670003.0,1139,2023056284,2,0,1,0,0,0,0,1
188451.0,666404.0,8470012.0,7900,2023056316,4,1,1,0,0,0,0,1
187201.0,692844.0,7950012.0,7400,2023056362,2,0,0,0,0,1,0,1
230465.0,725777.0,7490002.0,7700,2023056443,3,1,1,0,0,0,0,2
221003.0,633289.0,200123.0,3000,2023056542,2,0,0,0,0,1,0,1
186934.0,693150.0,8640021.0,7400,2023056576,4,1,1,0,0,0,0,1
163819.0,581004.0,110001.0,31,2023056609,2,0,1,0,0,0,0,1
176744.0,613555.0,8310008.0,2630,2023056620,2,0,1,0,0,0,0,1
198701.0,669429.0,99999999.0,634,2023056738,2,0,1,0,0,0,1,1
179641.0,572751.0,11340041.0,9000,2023056822,5,1,1,0,0,0,0,2
177994.0,662253.0,14290714.0,5000,2023057029,4,1,0,1,0,0,0,1
227242.0,757523.0,480009.0,1139,2023057170,3,0,0,1,0,0,0,1
160771.0,619340.0,10800352.0,7100,2023057262,2,0,0,0,0,1,0,1
179372.0,665214.0,80150502.0,5000,2023057265,3,1,0,1,0,0,0,1
219978.0,573691.0,500050.0,2560,2023057277,2,0,0,0,0,1,0,3
195289.0,385627.0,20001.0,2600,2023057335,2,0,1,0,0,0,0,1
183684.0,669556.0,17060212.0,5000,2023057382,2,0,0,1,0,0,0,1
190648.0,651575.0,8210001.0,7000,2023057458,3,0,0,0,0,1,0,1
176046.0,660120.0,20530725.0,5000,2023057466,2,0,0,0,1,0,0,1
195712.0,666073.0,400001.0,2640,2023057505,2,0,0,1,0,0,0,1
167122.0,635451.0,7540002.0,70,2023057535,5,1,1,0,0,0,0,1
204325.0,742245.0,15160001.0,2500,2023057539,2,1,0,0,1,0,0,1
177168.0,661496.0,16000732.0,5000,2023057570,2,0,0,0,0,1,0,1
189293.0,705014.0,310005.0,6500,2023057646,2,0,0,0,0,1,0,1
197775.0,709290.0,180002.0,7800,2023057714,2,0,0,0,0,1,0,1
172686.0,632897.0,170001.0,166,2023057789,2,0,0,0,0,1,0,1
186362.0,692759.0,8460031.0,7400,2023057805,3,0,0,1,0,0,0,1
192537.0,684306.0,220015.0,154,2023058121,3,0,1,0,0,0,0,1
179310.0,663405.0,17730555.0,5000,2023058369,3,1,0,0,0,1,0,1
178675.0,665823.0,7650326.0,5000,2023058413,2,1,1,0,0,0,0,1
180171.0,570858.0,15540061.0,9000,2023058531,2,0,0,0,0,1,0,1
200608.0,744004.0,14220421.0,4000,2023058878,3,1,0,0,0,1,0,2
200122.0,743614.0,18150001.0,4000,2023058942,2,0,0,0,0,1,0,1
177846.0,661839.0,14360714.0,5000,2023058979,3,1,0,0,0,1,0,2
182769.0,643441.0,290004.0,8400,2023058988,4,1,1,0,0,0,0,1
220932.0,633186.0,170123.0,3000,2023058990,2,1,0,0,0,1,0,1
188699.0,666626.0,8440012.0,7900,2023059070,2,1,1,0,0,0,0,1
164897.0,632688.0,10150129.0,70,2023059079,4,0,0,0,0,1,0,1
185940.0,688280.0,10590359.0,7400,2023059103,3,0,0,0,0,1,0,1
203278.0,552478.0,7510006.0,2200,2023059188,3,0,1,0,0,0,1,1
220366.0,632837.0,10230172.0,3000,2023059191,2,0,0,1,0,0,0,1
183914.0,667913.0,67750011.0,6100,2023059286,3,1,0,1,0,0,0,1
179704.0,667335.0,20720111.0,5000,2023059293,4,1,0,1,0,0,0,3
176684.0,657660.0,8020033.0,6200,2023059352,2,1,0,0,0,1,0,1
189039.0,666961.0,40014.0,7900,2023059378,3,0,1,0,0,0,0,1
176797.0,575169.0,14660012.0,9000,2023059387,2,0,0,0,0,1,0,1
201880.0,744113.0,140616.0,4000,2023059414,2,0,1,0,0,0,0,1
198971.0,743675.0,140411.0,4000,2023059420,3,1,1,0,0,0,0,1
182289.0,665893.0,9570115.0,8600,2023059451,3,1,1,0,0,0,0,1
166016.0,632482.0,9580331.0,70,2023059509,3,0,1,0,0,0,0,1
180372.0,669368.0,80151338.0,5000,2023059543,3,1,0,0,0,1,0,1
159998.0,620556.0,9920021.0,7100,2023059595,5,1,1,0,0,0,0,3
191874.0,705364.0,8350001.0,6500,2023059645,3,1,1,0,0,0,0,1
208046.0,758443.0,10440034.0,7600,2023059646,4,0,1,0,0,0,0,1
179272.0,662730.0,14970816.0,5000,2023059649,2,1,1,0,0,0,0,1
222424.0,635101.0,92872329.0,3000,2023059659,3,0,0,1,0,0,0,3
211273.0,604140.0,13.0,3611,2023059683,2,0,1,0,0,0,0,1
199641.0,743412.0,14790412.0,4000,2023059740,4,0,0,0,0,1,0,1
186979.0,658598.0,8140128.0,2400,2023059807,5,1,1,0,0,0,0,5
193388.0,704920.0,8040002.0,6500,2023059946,2,0,1,0,0,0,0,1
195561.0,713446.0,230093.0,9800,2023060135,4,0,1,0,0,0,1,1
183768.0,670361.0,25630222.0,5000,2023060174,3,1,0,1,0,0,0,1
183147.0,641106.0,240099.0,469,2023060200,4,0,0,0,0,1,0,1
188860.0,676782.0,570001.0,8700,2023060239,2,0,0,1,0,0,0,1
204571.0,742027.0,450001.0,2500,2023060281,4,1,1,0,0,0,0,3
180198.0,666195.0,60422.0,5000,2023060332,3,0,0,0,0,1,0,1
230648.0,725566.0,400002.0,7700,2023060386,1,0,0,0,0,1,0,1
202308.0,744476.0,18380742.0,4000,2023060429,3,1,0,0,0,1,0,1
231391.0,726407.0,830003.0,7700,2023060560,3,0,0,0,0,1,0,1
197649.0,708680.0,140005.0,7800,2023060576,2,0,0,0,0,1,0,1
181706.0,644624.0,17890122.0,8400,2023060606,3,0,0,1,0,0,0,1
183931.0,663036.0,97710303.0,8600,2023060622,3,1,0,1,0,0,0,1
186526.0,693560.0,8380023.0,7400,2023060634,2,0,0,0,0,1,0,1
200553.0,646983.0,780135.0,1200,2023060670,3,0,1,0,0,0,0,1
179861.0,654244.0,7670010.0,8300,2023060686,2,0,1,0,0,0,0,1
186092.0,648275.0,10030255.0,8500,2023060878,2,1,1,0,0,0,0,1
197396.0,710353.0,8840017.0,7800,2023061031,2,0,0,0,0,1,0,1
183028.0,665367.0,9020123.0,8600,2023061061,4,1,0,0,0,1,0,1
197225.0,667548.0,8170007.0,2640,2023061071,4,1,1,0,0,0,0,1
184324.0,666755.0,10140014.0,6100,2023061072,3,1,1,0,0,0,0,1
221539.0,633012.0,92872248.0,3000,2023061119,3,1,0,0,0,1,0,1
223238.0,731150.0,50003.0,874,2023061269,2,0,0,1,0,0,0,1
187058.0,694301.0,510022.0,7400,2023061290,2,0,1,0,0,0,0,1
182906.0,666749.0,10260111.0,8600,2023061377,3,1,0,1,0,0,0,1
188455.0,667286.0,11570011.0,7900,2023061444,2,1,1,0,0,0,0,1
203630.0,744116.0,18200001.0,4000,2023061462,1,1,0,0,0,1,0,1
218012.0,626440.0,23920844.0,3000,2023061481,5,1,1,0,0,0,0,1
178593.0,663771.0,11680545.0,5000,2023061510,3,0,0,0,0,1,0,1
210862.0,747084.0,13290073.0,6800,2023061586,3,1,1,0,0,0,0,3
187760.0,694192.0,7810011.0,7400,2023061692,2,0,1,0,0,0,0,1
220727.0,633897.0,25430121.0,3000,2023061752,2,0,0,0,0,1,0,1
196242.0,747494.0,9210322.0,4000,2023061768,3,1,1,0,0,0,0,1
197935.0,669615.0,11.0,634,2023061938,2,0,1,0,0,0,1,1
215496.0,629403.0,92870952.0,3000,2023061994,3,0,1,0,0,0,0,1
166956.0,635069.0,7530002.0,70,2023062154,4,1,1,0,0,0,0,3
180505.0,662961.0,15250925.0,5000,2023062169,3,1,0,0,0,1,0,1
215336.0,629378.0,23990331.0,3000,2023062180,3,1,1,0,0,0,0,1
168631.0,633506.0,9900002.0,70,2023062332,5,1,1,0,0,0,0,3
168032.0,632909.0,8960041.0,70,2023062354,2,0,1,0,0,0,0,3
206151.0,745871.0,340131.0,4000,2023062405,3,1,1,0,0,0,0,3
184167.0,644322.0,17890337.0,8400,2023062462,2,0,1,0,0,0,0,1
220956.0,631162.0,110522.0,3000,2023062528,3,1,0,0,0,1,1,6
180691.0,661674.0,80150944.0,5000,2023062592,2,1,0,0,0,1,0,1
181162.0,657032.0,10390071.0,6600,2023062633,3,1,0,0,0,1,0,1
159361.0,619669.0,7960002.0,7100,2023062763,2,0,1,0,0,0,0,1
205314.0,747215.0,18380099.0,4000,2023062791,2,1,0,0,0,1,0,1
165992.0,633778.0,60015.0,70,2023062850,5,0,1,0,0,0,0,1
221198.0,630992.0,11680521.0,3000,2023062866,4,1,1,0,0,0,0,1
159957.0,591510.0,610100.0,246,2023062927,3,0,0,0,0,1,0,1
188376.0,677886.0,10680322.0,8700,2023062982,2,1,1,0,0,0,0,1
219656.0,630156.0,14110423.0,3000,2023063021,2,0,0,0,0,1,0,1
200962.0,741742.0,14740412.0,4000,2023063230,4,1,0,0,0,1,0,1
198815.0,744684.0,18380386.0,4000,2023063495,1,0,0,1,0,0,0,1
221224.0,633329.0,92870548.0,3000,2023063502,2,0,0,0,0,1,0,1
175938.0,626391.0,18310004.0,1034,2023063614,2,0,1,0,0,0,0,1
188435.0,665434.0,20031.0,7900,2023063716,2,0,1,0,0,0,0,1
218466.0,636008.0,25520724.0,3000,2023063799,5,0,1,0,0,0,0,1
190334.0,667793.0,11720111.0,7900,2023063821,5,1,1,0,0,0,0,1
208108.0,751804.0,15680110.0,9600,2023063873,2,1,1,0,0,0,0,3
229365.0,725055.0,8360001.0,7700,2023063889,5,1,0,0,0,1,0,1
177866.0,662829.0,23870532.0,5000,2023064060,3,1,0,0,0,1,0,1
179453.0,661644.0,14730823.0,5000,2023064076,3,0,0,1,0,0,0,1
209319.0,761626.0,2.0,432,2023064094,3,0,0,0,0,1,0,1
187356.0,694265.0,8190021.0,7400,2023064180,2,0,1,0,0,0,0,1
192714.0,705680.0,9800053.0,6500,2023064428,3,0,0,0,0,1,0,1
180589.0,575744.0,320012.0,9000,2023064628,2,0,0,0,0,1,0,1
199990.0,745624.0,50515.0,4000,2023064796,2,0,0,1,0,0,0,1
199759.0,746346.0,10280523.0,4000,2023064921,3,0,0,1,0,0,1,1
206630.0,750815.0,15680011.0,9600,2023064958,2,0,0,1,0,0,0,1
160615.0,619197.0,600003.0,7100,2023065105,3,0,1,0,0,0,0,1
202847.0,742351.0,18380605.0,4000,2023065140,5,0,0,0,0,1,0,1
221768.0,633234.0,28080741.0,3000,2023065180,3,0,0,0,0,1,0,1
185059.0,666974.0,8260012.0,6100,2023065249,2,0,0,1,0,0,0,1
222319.0,637804.0,25840735.0,3000,2023065277,2,1,0,0,0,1,0,1
221535.0,633429.0,25030124.0,3000,2023065328,5,1,0,0,0,1,0,1
188616.0,666379.0,10022.0,7900,2023065383,4,1,1,0,0,0,0,1
228783.0,757466.0,8340106.0,1139,2023065446,5,0,1,0,0,0,0,1
161059.0,619798.0,10800362.0,7100,2023065555,2,0,1,0,0,0,0,1
209645.0,767860.0,14970040.0,9100,2023065602,5,1,1,0,0,0,0,1
184914.0,671626.0,7250003.0,2650,2023065607,2,1,0,0,0,1,0,1
186318.0,693498.0,80032.0,7400,2023065632,1,0,0,1,0,0,0,1
253571.0,790795.0,7450004.0,2800,2023065678,5,1,1,0,0,0,0,1
189712.0,665966.0,10460041.0,7900,2023065748,2,0,0,0,0,1,0,1
157867.0,618005.0,100011.0,7100,2023065774,3,0,1,0,0,0,0,1
183417.0,666451.0,67560112.0,8600,2023065825,3,1,0,0,0,1,0,1
184432.0,666561.0,8560024.0,6100,2023065844,2,0,0,0,0,1,0,1
195976.0,709461.0,8760003.0,7800,2023065853,3,1,1,0,0,0,0,2
181511.0,572599.0,8450021.0,9000,2023065857,3,1,1,0,0,0,0,1
179694.0,658433.0,180024.0,6600,2023066009,2,0,0,1,0,0,0,1
196817.0,743403.0,18380271.0,4000,2023066022,3,1,1,0,0,0,0,2
178464.0,574500.0,10160053.0,9000,2023066137,1,0,1,0,0,0,0,1
177108.0,662468.0,16210711.0,5000,2023066140,2,0,0,1,0,0,0,1
167430.0,632315.0,9680325.0,70,2023066156,3,1,1,0,0,0,0,3
186428.0,687723.0,160053.0,7400,2023066201,5,1,1,0,0,0,0,1
206077.0,750109.0,12370005.0,9600,2023066317,4,0,1,0,0,0,0,1
217882.0,631555.0,92870846.0,3000,2023066323,2,0,0,0,0,1,0,1
185674.0,639449.0,90099.0,28,2023066340,3,0,0,0,1,0,0,1
222867.0,635301.0,24900716.0,3000,2023066386,3,1,0,0,0,1,0,1
180084.0,669489.0,80152037.0,5000,2023066560,2,1,0,1,0,0,0,1
179488.0,664146.0,10800517.0,5000,2023066645,2,1,1,0,0,0,0,1
177208.0,658157.0,8200052.0,6200,2023066749,2,1,0,0,0,1,0,1
187404.0,666908.0,11740117.0,7900,2023066866,3,0,0,0,0,1,0,1
199355.0,627162.0,7920001.0,2610,2023066997,2,1,0,0,0,1,0,1
221975.0,632578.0,28970001.0,3000,2023067022,2,0,0,0,0,1,0,1
222285.0,634862.0,24540111.0,3000,2023067087,2,1,1,0,0,0,0,1
221059.0,629470.0,380533.0,3000,2023067127,2,0,0,0,0,1,0,1
206479.0,749888.0,7890006.0,9600,2023067173,3,0,0,0,0,1,0,1
220870.0,635564.0,28880725.0,3000,2023067236,3,0,0,0,0,1,0,1
187802.0,666479.0,11890117.0,7900,2023067325,5,0,0,0,0,1,0,1
228221.0,723173.0,8150005.0,7700,2023067360,3,0,1,0,0,0,0,1
187037.0,692523.0,100031.0,7400,2023067410,2,0,0,1,0,0,0,1
228204.0,732903.0,9820001.0,7300,2023067434,5,1,0,0,0,1,0,1
188585.0,664640.0,99970737.0,7900,2023067458,2,0,0,0,0,1,0,1
178875.0,657844.0,9930054.0,6600,2023067507,2,1,0,1,0,0,0,1
166728.0,634567.0,7650004.0,70,2023067513,5,1,1,0,0,0,0,1
177893.0,655119.0,10320315.0,8300,2023067520,5,1,1,0,0,0,0,1
179695.0,665196.0,10433.0,5000,2023067557,2,0,0,1,0,0,0,1
220646.0,633506.0,24070123.0,3000,2023067635,2,0,0,0,1,0,0,1
183591.0,652682.0,20390678.0,8300,2023067656,2,1,1,0,0,0,0,1
205001.0,746978.0,18260001.0,4000,2023067685,3,0,1,0,0,0,0,1
168209.0,634716.0,120008.0,70,2023067700,2,0,0,0,0,1,0,1
189662.0,665435.0,9030032.0,7900,2023067725,2,0,0,1,0,0,0,1
185562.0,674126.0,8560004.0,6400,2023067733,4,1,0,1,0,0,0,1
190654.0,677311.0,1020008.0,6900,2023067812,3,1,1,0,0,0,0,2
183668.0,644636.0,17890181.0,8400,2023067848,2,0,0,0,0,1,0,1
177963.0,654130.0,19520322.0,8300,2023067929,3,1,1,0,0,0,0,2
210272.0,767897.0,8890005.0,9100,2023067993,2,0,1,0,0,0,0,1
191202.0,677174.0,7280007.0,6900,2023068051,2,1,1,0,0,0,0,1
226799.0,723311.0,8230004.0,7700,2023068080,2,0,0,0,0,1,0,1
183263.0,663003.0,7730227.0,8600,2023068110,4,1,0,0,0,1,0,1
186306.0,670951.0,90002.0,2650,2023068185,2,0,0,0,0,1,0,1
177384.0,658993.0,8490012.0,6200,2023068297,2,1,0,1,0,0,0,1
187693.0,694016.0,7830011.0,7400,2023068444,2,0,0,1,0,0,0,1
192337.0,684796.0,220026.0,154,2023068518,2,0,0,0,0,1,0,1
199234.0,745716.0,9740422.0,4000,2023068623,2,0,0,1,0,0,0,1
168201.0,635083.0,9380123.0,70,2023068701,4,1,1,0,0,0,0,3
166080.0,633470.0,9210001.0,70,2023068719,5,1,1,0,0,0,0,1
220902.0,629056.0,12740533.0,3000,2023068755,2,1,1,0,0,0,0,1
200114.0,747078.0,7780224.0,4000,2023068781,3,1,1,0,0,0,0,1
192897.0,704478.0,7740007.0,6500,2023068862,2,0,0,1,0,0,0,1
180388.0,666489.0,9850413.0,5000,2023068983,5,0,0,0,0,1,0,1
189199.0,660310.0,7480001.0,2600,2023069009,2,0,0,1,0,0,0,1
224013.0,635981.0,28830001.0,3000,2023069046,2,0,0,0,0,1,0,1
172173.0,632273.0,70001.0,166,2023069080,4,0,1,0,0,0,0,1
179699.0,652695.0,19270311.0,8300,2023069126,5,1,1,0,0,0,0,2
206124.0,748043.0,300112.0,4000,2023069266,4,1,0,1,0,0,0,1
189951.0,673623.0,22260002.0,9700,2023069281,2,0,1,0,0,0,0,1
220318.0,634132.0,92870656.0,3000,2023069296,3,1,1,0,0,0,0,1
195523.0,387182.0,8450001.0,2600,2023069314,2,0,0,1,0,0,0,1
220689.0,628269.0,92872554.0,3000,2023069457,3,1,1,0,0,0,0,1
226972.0,757252.0,280009.0,1139,2023069506,4,0,1,0,0,0,0,1
191203.0,666070.0,70064.0,7900,2023069645,2,0,0,0,0,1,0,1
178739.0,656909.0,10420054.0,6600,2023069658,3,1,0,1,0,0,0,1
188452.0,663514.0,640042.0,229,2023069804,2,0,0,1,0,0,0,1
197307.0,741078.0,8220067.0,2100,2023069903,3,0,1,0,0,0,0,1
182061.0,676154.0,7820009.0,6400,2023069962,1,0,0,1,0,0,0,1
158758.0,621653.0,10800444.0,7100,2023070014,3,0,1,0,0,0,0,1
210649.0,746943.0,13290074.0,6800,2023070141,2,1,0,0,0,1,0,3
220282.0,630021.0,12490415.0,3000,2023070205,2,0,1,0,0,0,0,1
217964.0,631021.0,28050251.0,3000,2023070249,2,0,1,0,0,0,0,1
199674.0,743686.0,17800421.0,4000,2023070348,5,1,1,0,0,0,0,3
221906.0,635701.0,92871252.0,3000,2023070517,2,0,1,0,0,0,0,1
175686.0,657221.0,200032.0,6200,2023070589,2,0,0,1,0,0,0,1
159325.0,620994.0,1440002.0,7100,2023070629,3,0,0,0,0,1,0,1
208002.0,749361.0,12320002.0,8200,2023070666,2,1,0,0,0,1,0,1
217907.0,633394.0,29210001.0,3000,2023071028,2,0,0,0,0,1,0,1
195080.0,667711.0,8020003.0,2640,2023071039,2,0,0,0,0,1,0,1
199681.0,747052.0,10820231.0,4000,2023071209,2,0,0,0,0,1,0,1
187345.0,666530.0,99970314.0,7900,2023071291,4,1,0,1,0,0,0,1
220408.0,629171.0,92871151.0,3000,2023071314,2,1,1,0,0,0,0,1
185788.0,687056.0,10000051.0,7400,2023071380,4,1,1,0,0,0,0,1
178685.0,663125.0,13030557.0,5000,2023071427,4,0,0,0,0,1,0,1
188662.0,677707.0,710001.0,8700,2023071436,4,1,1,0,0,0,0,1
191214.0,705971.0,390004.0,6500,2023071474,2,0,0,0,0,1,0,1
209313.0,727635.0,190061.0,240,2023071627,2,0,0,0,0,1,0,1
186135.0,662542.0,68150094.0,2620,2023071633,2,1,0,0,0,1,0,1
186165.0,692537.0,10590080.0,7400,2023071688,2,1,1,0,0,0,0,1
194390.0,386166.0,8780063.0,2600,2023071880,3,0,0,1,0,0,0,1
203340.0,703389.0,2.0,6000,2023072018,3,0,1,0,0,0,0,1
177767.0,654860.0,10270315.0,8300,2023072112,3,1,1,0,0,0,0,3
207809.0,751484.0,7870001.0,9600,2023072152,5,1,1,0,0,0,0,1
203793.0,744193.0,18160001.0,4000,2023072280,5,1,0,0,0,1,0,1
187310.0,677605.0,10500006.0,8700,2023072327,1,0,1,0,0,0,0,1
176086.0,658928.0,7670023.0,6200,2023072332,3,0,0,0,1,0,0,1
167125.0,634862.0,7690005.0,70,2023072357,4,0,1,0,0,0,0,1
197126.0,709576.0,7660002.0,7800,2023072467,3,0,0,0,1,0,0,1
164849.0,631868.0,9040335.0,70,2023072915,3,0,1,0,0,0,0,1
181972.0,661416.0,18560937.0,5000,2023072970,2,1,1,0,0,0,0,1
207416.0,745260.0,230006.0,6800,2023073042,3,0,1,0,0,0,0,1
180261.0,668630.0,23850114.0,5000,2023073073,3,1,0,0,0,1,0,1
180747.0,647966.0,17800001.0,7200,2023073095,5,0,1,0,0,0,1,1
165435.0,631529.0,9190335.0,70,2023073135,3,0,1,0,0,0,0,1
176477.0,657927.0,80230106.0,6200,2023073451,3,0,0,0,0,1,0,1
199131.0,709326.0,8840035.0,7800,2023073542,2,0,0,0,0,1,0,1
166679.0,633800.0,9250054.0,70,2023073689,2,0,1,0,0,0,0,1
176657.0,661992.0,16270721.0,5000,2023073735,2,0,0,0,0,1,0,1
180829.0,666513.0,9980413.0,5000,2023073795,3,1,0,1,0,0,0,3
207669.0,745461.0,13290101.0,6800,2023073797,2,0,1,0,0,0,0,1
266727.0,766628.0,70097.0,4100,2023073932,2,0,0,0,0,1,0,1
184423.0,666612.0,7930014.0,6100,2023074027,5,1,1,0,0,0,0,1
191102.0,676392.0,280007.0,6900,2023074097,2,0,0,0,0,1,0,1
180518.0,657505.0,8960073.0,6600,2023074103,3,1,0,1,0,0,0,1
189253.0,678490.0,10680282.0,8700,2023074290,5,0,1,0,0,0,0,1
221501.0,630506.0,30532.0,3000,2023074316,1,1,0,0,0,1,0,1
181852.0,661442.0,24320934.0,5000,2023074567,3,1,1,0,0,0,0,1
181920.0,652624.0,8730005.0,8300,2023074693,3,0,0,0,0,1,0,1
210073.0,745734.0,250005.0,6800,2023074786,5,1,1,0,0,0,0,1
180495.0,662678.0,15270924.0,5000,2023074951,4,1,0,0,0,1,0,1
209818.0,745586.0,270005.0,6800,2023075073,5,0,1,0,0,0,0,1
180467.0,665026.0,10220434.0,5000,2023075105,3,1,1,0,0,0,0,1
179428.0,658294.0,9210023.0,6600,2023075112,2,0,1,0,0,0,0,1
181307.0,573556.0,8330042.0,9000,2023075193,4,0,0,0,0,1,0,1
217614.0,626405.0,24880844.0,3000,2023075216,2,0,0,1,0,0,0,1
189195.0,665891.0,20041.0,7900,2023075703,2,0,0,0,0,1,0,1
203257.0,701022.0,2.0,628,2023075739,3,0,0,0,0,1,0,1
159679.0,619759.0,9890002.0,7100,2023075740,5,1,1,0,0,0,0,3
175427.0,626590.0,30004.0,1034,2023075846,2,0,1,0,0,0,0,1
180762.0,665555.0,10180424.0,5000,2023075887,2,1,0,1,0,0,0,1
221024.0,634187.0,100113.0,3000,2023075948,2,1,0,0,0,1,0,1
183872.0,668268.0,80150397.0,5000,2023075981,3,1,1,0,0,0,0,1
187885.0,659441.0,8070001.0,2400,2023076016,2,0,0,0,0,1,0,1
228996.0,631608.0,130104.0,3616,2023076025,3,0,1,0,0,0,0,1
197473.0,709651.0,100002.0,7800,2023076391,3,0,1,0,0,0,0,1
247848.0,743330.0,8600177.0,6700,2023076404,2,0,0,0,0,1,0,1
220795.0,633278.0,90123.0,3000,2023076596,3,0,0,0,0,1,0,1
182708.0,665847.0,9430124.0,8600,2023076676,3,0,0,1,0,0,0,1
181805.0,665631.0,310117.0,8600,2023076719,1,0,0,1,0,0,0,1
200565.0,645887.0,250001.0,1200,2023076791,3,1,1,0,0,0,0,3
218865.0,628352.0,92871045.0,3000,2023076894,3,1,0,0,0,1,0,1
175389.0,643732.0,8050018.0,2660,2023076920,2,0,0,1,0,0,0,1
178414.0,663457.0,12920551.0,5000,2023077162,2,0,0,1,0,0,0,1
200161.0,745210.0,18380985.0,4000,2023077229,2,0,0,0,0,1,0,1
206544.0,749125.0,18380039.0,4000,2023077282,3,1,1,0,0,0,0,1
160762.0,618329.0,8450006.0,7100,2023077294,2,0,1,0,0,0,0,1
177278.0,660336.0,70743.0,5000,2023077481,3,0,0,0,0,1,0,1
161915.0,603832.0,630001.0,1031,2023077503,4,0,0,0,0,1,0,1
206974.0,746956.0,12830122.0,4000,2023077600,1,0,0,0,0,1,0,1
181166.0,661597.0,18460933.0,5000,2023077715,2,1,0,0,0,1,0,1
206716.0,748670.0,290113.0,4000,2023077840,1,0,0,1,0,0,0,1
182821.0,644812.0,9000008.0,8400,2023077887,3,1,1,0,0,0,0,1
198748.0,747312.0,10630313.0,4000,2023077892,5,1,1,0,0,0,0,1
229816.0,758684.0,370002.0,1139,2023078039,5,1,1,0,0,0,0,1
250840.0,744005.0,8030003.0,6700,2023078146,3,1,0,0,0,1,0,1
178965.0,666300.0,7440317.0,5000,2023078253,3,1,0,0,0,1,0,1
177407.0,658171.0,8190051.0,6200,2023078302,5,1,0,1,0,0,0,1
198572.0,748264.0,18380303.0,4000,2023078486,5,0,1,0,0,0,0,2
178833.0,664675.0,8610344.0,5000,2023078531,2,0,0,0,0,1,0,1
217874.0,636441.0,25570724.0,3000,2023078568,2,0,1,0,0,0,0,1
181369.0,569942.0,10980523.0,9000,2023078780,3,1,1,0,0,0,0,3
180752.0,657536.0,9040011.0,6600,2023078813,3,0,0,0,0,1,0,1
161134.0,621446.0,10800457.0,7100,2023078887,2,0,0,0,0,1,0,1
189698.0,671995.0,22430116.0,9700,2023078905,2,0,0,1,0,0,0,1
198382.0,745891.0,230425.0,4000,2023079048,3,0,0,0,1,0,0,1
184029.0,667146.0,7740011.0,6100,2023079258,3,1,0,0,0,1,0,1
159672.0,619418.0,10800246.0,7100,2023079268,2,0,1,0,0,0,0,1
184008.0,664905.0,130054.0,6100,2023079577,2,0,0,1,0,0,0,1
161543.0,604512.0,280001.0,1031,2023079593,3,0,1,0,0,0,0,1
197100.0,708333.0,8840299.0,7800,2023079709,2,0,0,0,0,1,0,1
198536.0,743414.0,18380346.0,4000,2023079772,3,0,0,0,0,1,0,1
201101.0,741801.0,18380665.0,4000,2023079792,2,1,1,0,0,0,0,1
219822.0,635083.0,92872477.0,3000,2023079827,3,0,0,1,0,0,0,4
246792.0,763949.0,7240002.0,8000,2023079877,2,0,0,0,0,1,0,1
185936.0,666379.0,110024.0,7900,2023080105,2,0,0,1,0,0,0,1
215848.0,629335.0,14920321.0,3000,2023080120,2,0,0,0,0,1,0,1
194928.0,667289.0,370003.0,2640,2023080206,2,0,0,1,0,0,0,1
167986.0,634725.0,30008.0,70,2023080302,2,0,1,0,0,0,0,1
187722.0,677718.0,10680321.0,8700,2023080449,2,1,0,0,0,1,0,1
179285.0,654137.0,20390008.0,8300,2023080473,5,1,1,0,0,0,0,3
167159.0,633515.0,7940011.0,70,2023080519,2,0,1,0,0,0,0,1
189028.0,665328.0,9100032.0,7900,2023080536,2,0,0,1,0,0,0,1
181674.0,652685.0,160006.0,8300,2023080604,3,0,0,1,0,0,0,1
167237.0,635731.0,10150290.0,70,2023080757,5,1,1,0,0,0,0,3
216754.0,667946.0,120001.0,3570,2023080801,3,0,0,0,0,1,0,1
188107.0,694096.0,100011.0,7400,2023080858,3,1,1,0,0,0,0,1
190233.0,673001.0,7960003.0,9700,2023080965,2,1,1,0,0,0,0,2
194078.0,384443.0,8310001.0,2600,2023081026,3,0,0,1,0,0,0,1
194798.0,667112.0,520003.0,2640,2023081080,2,0,1,0,0,0,0,1
179290.0,662870.0,140816.0,5000,2023081166,3,0,0,0,0,1,0,1
185934.0,689596.0,10010313.0,7400,2023081594,2,0,1,0,0,0,0,1
178508.0,661167.0,21270744.0,5000,2023081664,4,1,0,1,0,0,0,1
184929.0,665040.0,9890041.0,6100,2023081814,2,0,0,1,0,0,0,1
196355.0,644128.0,780258.0,1200,2023081838,2,0,0,1,0,0,0,1
188357.0,677704.0,9250001.0,8700,2023081849,4,1,1,0,0,0,0,1
181112.0,651345.0,20340001.0,8300,2023081853,3,1,1,0,0,0,0,2
190102.0,664855.0,590053.0,7900,2023081883,2,0,0,0,0,1,0,1
222576.0,636717.0,26830735.0,3000,2023081915,4,1,1,0,0,0,0,1
186296.0,675107.0,8260002.0,6400,2023081953,3,1,0,0,0,1,0,1
180373.0,664530.0,11840612.0,5000,2023082091,2,0,1,0,0,0,0,1
187707.0,663106.0,490001.0,229,2023082098,1,0,0,0,0,1,0,1
229628.0,736213.0,2.0,542,2023082170,3,0,1,0,0,0,0,1
207558.0,750698.0,630001.0,9600,2023082295,3,1,0,1,0,0,0,1
197377.0,708172.0,610005.0,7800,2023082352,2,0,0,0,0,1,0,1
160213.0,619834.0,8920021.0,7100,2023082360,3,0,1,0,0,0,0,1
182311.0,573605.0,9400021.0,9000,2023082423,2,1,0,0,0,1,0,1
195304.0,702848.0,9290009.0,6500,2023082556,3,0,1,0,0,0,0,1
180717.0,572039.0,8440021.0,9000,2023082572,5,1,1,0,0,0,0,3
222662.0,636603.0,24650735.0,3000,2023082791,3,1,0,0,0,1,0,1
180632.0,572821.0,8380023.0,9000,2023082793,3,1,0,1,0,0,0,2
229482.0,734141.0,7010002.0,1061,2023082838,3,1,0,0,0,1,0,3
189994.0,666769.0,620062.0,7900,2023082957,2,0,0,1,0,0,0,1
159958.0,618926.0,8550002.0,7100,2023082970,5,1,1,0,0,0,0,3
178786.0,662486.0,13340815.0,5000,2023083002,2,1,1,0,0,0,0,1
188666.0,665608.0,8850022.0,7900,2023083007,4,0,0,0,0,1,0,1
209222.0,767831.0,890006.0,9100,2023083034,3,0,0,0,0,1,0,1
219517.0,627788.0,92871424.0,3000,2023083080,2,0,0,0,0,1,1,1
221350.0,629805.0,12640532.0,3000,2023083174,2,1,1,0,0,0,0,1
178902.0,664343.0,90515.0,5000,2023083204,2,0,0,0,0,1,0,1
183970.0,664499.0,150216.0,8600,2023083357,2,0,0,0,0,1,0,1
186952.0,692564.0,110031.0,7400,2023083430,2,0,0,1,0,0,0,1
180460.0,572413.0,98340277.0,9000,2023083437,3,1,1,0,0,0,0,1
185151.0,669075.0,24810225.0,5000,2023083481,3,0,0,0,0,1,0,1
167925.0,635547.0,9770007.0,70,2023083556,3,1,1,0,0,0,0,5
188705.0,664981.0,10510031.0,7900,2023083572,3,0,0,0,0,1,0,1
197739.0,740634.0,50004.0,2100,2023083708,2,0,0,1,0,0,0,1
192410.0,675887.0,8300004.0,6900,2023083745,2,0,0,1,0,0,0,1
186480.0,692315.0,60034.0,7400,2023083845,2,0,0,1,0,0,0,1
208894.0,759800.0,8190003.0,7600,2023083884,2,0,1,0,0,0,0,1
196380.0,745678.0,9430323.0,4000,2023083957,5,0,1,0,0,0,0,3
182510.0,661324.0,60400943.0,5000,2023083982,2,1,0,1,0,0,0,1
220470.0,640608.0,92872000.0,3000,2023084032,2,0,0,0,0,1,0,1
221766.0,632911.0,25760312.0,3000,2023084033,3,0,0,0,0,1,0,1
167961.0,632027.0,9330041.0,70,2023084110,5,1,1,0,0,0,0,3
192437.0,704826.0,120007.0,6500,2023084140,2,0,1,0,0,0,0,1
177287.0,659679.0,8540011.0,6200,2023084174,2,0,0,0,0,1,0,1
201928.0,743818.0,290616.0,4000,2023084250,2,0,0,1,0,0,0,1
197480.0,741280.0,430003.0,2100,2023084292,4,0,1,0,0,0,0,1
179797.0,647770.0,17810179.0,7200,2023084471,3,1,1,0,0,0,0,3
219848.0,633310.0,60214.0,3000,2023084507,3,1,0,0,1,0,0,1
188490.0,676347.0,7350001.0,8700,2023084520,3,0,1,0,0,0,0,1
167624.0,632941.0,10150071.0,70,2023084523,3,0,0,0,0,1,0,1
180667.0,652448.0,7920008.0,8300,2023084607,3,0,0,0,0,1,0,1
180143.0,669279.0,80151659.0,5000,2023084767,2,0,0,1,0,0,0,1
211329.0,603985.0,12.0,3611,2023084774,2,0,1,0,0,0,0,1
179291.0,573002.0,9840051.0,9000,2023084791,1,0,0,1,0,0,0,1
175211.0,642520.0,10001.0,2660,2023084826,2,0,1,0,0,0,0,1
181139.0,653207.0,20390661.0,8300,2023085101,3,0,0,1,0,0,1,1
205866.0,749666.0,15560008.0,9600,2023085111,1,0,0,1,0,0,0,1
187295.0,687119.0,10590511.0,7400,2023085125,2,0,1,0,0,0,0,1
184052.0,669554.0,17440225.0,5000,2023085144,3,1,0,0,0,1,0,1
186265.0,662284.0,7730005.0,2620,2023085151,3,1,0,0,0,1,0,1
180847.0,571742.0,770021.0,9000,2023085184,4,1,1,0,0,0,0,1
182459.0,570422.0,15330523.0,9000,2023085298,2,0,1,0,0,0,0,1
179565.0,664279.0,8710345.0,5000,2023085299,5,1,0,1,0,0,0,1
189224.0,665966.0,40041.0,7900,2023085390,2,0,0,1,0,0,0,1
170568.0,638146.0,9080132.0,70,2023085463,3,0,1,0,0,0,0,1
195239.0,385222.0,170001.0,2600,2023085543,3,0,0,1,0,0,0,1
221153.0,631203.0,120522.0,3000,2023085571,2,0,0,0,0,1,0,1
158906.0,618429.0,8220008.0,7100,2023085832,3,0,1,0,0,0,0,1
184233.0,666872.0,67750146.0,6100,2023086201,1,1,1,0,0,0,0,1
221153.0,649877.0,51.0,3574,2023086240,2,0,0,0,0,1,0,1
192825.0,664791.0,20001.0,249,2023086265,3,0,0,0,0,1,0,1
180220.0,574799.0,7650013.0,9000,2023086322,3,0,0,0,0,1,0,1
188410.0,692323.0,8040012.0,7400,2023086355,4,1,1,0,0,0,0,3
158579.0,619383.0,10800029.0,7100,2023086356,2,0,1,0,0,0,0,1
218540.0,632284.0,310231.0,3000,2023086435,3,0,0,0,0,1,0,1
186758.0,662537.0,68150087.0,2620,2023086476,4,0,0,0,0,1,0,1
218028.0,632956.0,26110223.0,3000,2023086513,4,1,0,0,1,0,0,1
181460.0,573877.0,8210032.0,9000,2023086596,3,0,0,0,0,1,0,1
183693.0,669236.0,17070212.0,5000,2023086793,3,1,0,0,0,1,0,1
218836.0,632566.0,92870821.0,3000,2023086861,3,1,1,0,0,0,0,1
186268.0,667194.0,99970104.0,7900,2023086891,2,0,0,0,0,1,0,1
181236.0,658638.0,170012.0,6600,2023086974,2,0,0,0,0,1,0,1
178325.0,658429.0,8220052.0,6600,2023087046,2,0,0,0,0,1,0,1
179828.0,663236.0,160624.0,5000,2023087279,2,1,0,0,0,1,0,1
210178.0,745097.0,540005.0,6800,2023087448,2,0,0,0,0,1,0,1
221058.0,628983.0,18590533.0,3000,2023087473,2,0,0,0,0,1,0,1
167826.0,634109.0,10020001.0,70,2023087527,3,0,1,0,0,0,0,1
222945.0,636341.0,92872446.0,3000,2023087547,3,0,0,1,0,0,0,1
180529.0,663430.0,17830926.0,5000,2023087688,3,0,0,0,0,1,0,2
207139.0,747242.0,150122.0,4000,2023087736,2,0,0,1,0,0,0,1
195511.0,662063.0,10001.0,1309,2023087880,1,0,1,0,0,0,0,1
181167.0,665202.0,47840003.0,6300,2023087910,3,1,1,0,0,0,0,1
189800.0,650726.0,9250002.0,7000,2023087959,2,0,0,0,0,1,0,1
218623.0,627549.0,25950842.0,3000,2023087987,3,1,0,0,0,1,0,1
187204.0,665431.0,17330001.0,7900,2023088002,3,1,1,0,0,0,0,2
184719.0,665173.0,350043.0,6100,2023088040,2,0,0,1,0,0,0,1
186270.0,575198.0,120001.0,666,2023088050,4,0,0,0,0,1,0,1
190263.0,676160.0,7400007.0,6900,2023088249,2,0,0,0,0,1,0,1
183437.0,669049.0,24600214.0,5000,2023088312,2,0,0,0,0,1,0,1
181711.0,664729.0,7920003.0,6300,2023088478,3,1,0,1,0,0,0,1
254108.0,789068.0,8000013.0,2800,2023088575,2,0,0,0,0,1,0,1
166584.0,635055.0,10150006.0,70,2023088680,2,0,0,0,0,1,0,1
197566.0,709229.0,190002.0,7800,2023088734,2,0,0,0,0,1,0,1
188379.0,691990.0,200041.0,7400,2023088766,3,0,0,0,0,1,0,1
179591.0,667709.0,160114.0,5000,2023088769,3,1,0,1,0,0,0,1
222280.0,638348.0,24490713.0,3000,2023088884,3,1,0,0,0,1,0,1
167963.0,632760.0,10150156.0,70,2023088956,4,0,0,0,0,1,0,1
182219.0,663397.0,8180011.0,6300,2023088993,2,1,0,1,0,0,0,1
168271.0,633556.0,9450137.0,70,2023089022,4,0,1,0,0,0,0,1
190233.0,665781.0,310052.0,7900,2023089115,2,0,0,1,0,0,0,1
178039.0,635196.0,270001.0,2550,2023089310,5,1,1,0,0,0,0,3
221376.0,629226.0,12670532.0,3000,2023089319,3,1,0,0,0,1,0,2
221472.0,629984.0,92872780.0,3000,2023089395,2,0,0,0,0,1,0,1
221720.0,636345.0,26630735.0,3000,2023089449,4,1,1,0,0,0,0,1
184611.0,665885.0,8470025.0,6100,2023089451,4,1,0,0,0,1,0,1
199086.0,743261.0,14860411.0,4000,2023089464,2,1,1,0,0,0,0,1
210168.0,729617.0,50001.0,240,2023089533,5,1,0,0,0,1,0,5
192282.0,544236.0,130039.0,831,2023089664,1,0,0,0,0,1,0,1
183642.0,666509.0,10360016.0,6100,2023089831,3,1,1,0,0,0,0,1
189378.0,659633.0,900001.0,9400,2023089920,1,0,0,0,0,1,0,1
210011.0,746430.0,30005.0,6800,2023090178,5,1,1,0,0,0,0,1
218462.0,636229.0,23770724.0,3000,2023090243,4,1,0,0,0,1,0,1
253550.0,790608.0,7410004.0,2800,2023090266,3,1,1,0,0,0,0,2
161050.0,604214.0,670059.0,1031,2023090286,2,0,1,0,0,0,0,1
183910.0,662889.0,7720223.0,8600,2023090336,4,1,0,1,0,0,0,1
178217.0,613920.0,7830002.0,2630,2023090460,3,0,0,0,0,1,0,1
221383.0,633083.0,9740124.0,3000,2023090530,2,0,0,0,0,1,0,1
177673.0,659619.0,7660041.0,6600,2023090531,2,1,0,0,0,1,0,1
187117.0,693833.0,260021.0,7400,2023090593,1,0,0,1,0,0,0,1
194833.0,667059.0,580003.0,2640,2023090602,2,0,0,0,0,1,0,1
176215.0,626263.0,130001.0,1034,2023090980,2,0,0,1,0,0,0,1
184214.0,649731.0,7830100.0,2530,2023091116,2,0,1,0,0,0,0,1
197950.0,709253.0,220002.0,7800,2023091155,3,0,1,0,0,0,0,1
178363.0,663679.0,11460541.0,5000,2023091167,2,1,0,1,0,0,0,1
176027.0,626367.0,10003.0,1034,2023091173,3,0,1,0,0,0,0,1
176954.0,658131.0,8210041.0,6200,2023091223,4,1,0,1,0,0,0,1
183048.0,645400.0,17890179.0,8400,2023091243,2,0,0,0,0,1,0,1
179955.0,664089.0,250612.0,5000,2023091389,3,1,0,0,0,1,0,1
179304.0,572836.0,7230043.0,9000,2023091429,5,1,1,0,0,0,0,2
220778.0,635240.0,28130725.0,3000,2023091470,3,0,0,0,1,0,0,1
219907.0,629838.0,14210415.0,3000,2023091593,2,0,0,0,0,1,0,1
196579.0,746792.0,16510424.0,4000,2023091666,5,0,1,0,0,0,0,1
191838.0,664938.0,150061.0,7900,2023091787,2,0,0,0,0,1,0,1
184934.0,666231.0,10370025.0,6100,2023091857,4,0,0,0,0,1,0,1
186248.0,692090.0,8840033.0,7400,2023091869,3,0,0,0,0,1,0,1
207381.0,747948.0,12340005.0,8200,2023091889,1,0,1,0,0,0,0,1
208482.0,751701.0,15680126.0,9600,2023092007,1,0,0,0,0,1,0,1
186482.0,667216.0,99970465.0,7900,2023092010,3,1,0,0,0,1,0,1
180252.0,662970.0,15240927.0,5000,2023092036,2,1,1,0,0,0,0,1
249100.0,743580.0,8600178.0,6700,2023092094,2,0,0,0,0,1,0,1
181509.0,666252.0,18060001.0,8600,2023092128,3,1,1,0,0,0,0,1
191251.0,676202.0,450007.0,6900,2023092172,2,0,1,0,0,0,0,1
180297.0,668855.0,20880113.0,5000,2023092248,3,1,0,0,0,1,0,1
182499.0,644352.0,12130007.0,8400,2023092262,2,0,1,0,0,0,0,1
191000.0,676948.0,7310007.0,6900,2023092302,3,1,1,0,0,0,0,1
160490.0,619924.0,10590021.0,7100,2023092504,4,0,0,0,0,1,0,1
184209.0,670809.0,9300003.0,2650,2023092576,3,1,0,1,0,0,0,1
192127.0,711159.0,100105.0,1167,2023092734,2,0,0,0,0,1,0,1
227652.0,733197.0,9510006.0,7300,2023092755,3,1,0,0,0,1,0,1
181634.0,658596.0,9670011.0,6600,2023092811,3,1,1,0,0,0,0,1
195139.0,386539.0,90002.0,2600,2023092896,3,0,1,0,0,0,0,1
194957.0,714223.0,230019.0,9800,2023092937,2,0,0,0,0,1,1,1
178307.0,663613.0,11450534.0,5000,2023093067,2,1,1,0,0,0,0,1
172153.0,631790.0,320001.0,166,2023093071,2,0,1,0,0,0,0,1
185270.0,673193.0,10290021.0,6400,2023093077,3,1,0,0,0,1,0,1
192246.0,675276.0,350005.0,6900,2023093185,3,0,0,0,0,1,0,1
184759.0,664700.0,810042.0,6100,2023093253,4,0,0,0,0,1,0,1
222943.0,731493.0,510001.0,874,2023093256,2,0,1,0,0,0,0,1
229567.0,732922.0,7810004.0,1061,2023093340,2,0,0,0,0,1,0,1
185926.0,662874.0,770002.0,2620,2023093392,4,1,0,1,0,0,0,1
196982.0,743991.0,16990323.0,4000,2023093425,3,0,1,0,0,0,0,1
190502.0,665284.0,30054.0,7900,2023093562,2,0,0,0,0,1,0,1
204794.0,648976.0,36.0,3797,2023093901,2,0,0,1,0,0,0,2
218039.0,632767.0,25320223.0,3000,2023094006,2,0,0,1,0,0,0,1
178440.0,656491.0,10720056.0,6600,2023094028,4,1,0,1,0,0,0,1
187347.0,659842.0,690001.0,2400,2023094077,2,0,0,1,0,0,0,1
198310.0,627646.0,7680002.0,2610,2023094161,2,0,0,0,0,1,0,1
181963.0,575586.0,11010021.0,9000,2023094270,2,1,0,0,0,1,0,1
192810.0,384940.0,8780271.0,2600,2023094339,2,0,0,1,0,0,0,1
187004.0,693872.0,8260021.0,7400,2023094349,2,1,1,0,0,0,0,1
220227.0,628851.0,60537.0,3000,2023094424,3,0,0,0,0,1,0,1
176277.0,657051.0,140033.0,6200,2023094490,2,0,0,0,0,1,0,1
180107.0,573536.0,7820041.0,9000,2023094496,1,0,0,0,0,1,0,1
189227.0,666296.0,170042.0,7900,2023094546,3,0,0,0,0,1,0,1
220430.0,632464.0,92870635.0,3000,2023094587,3,1,0,0,0,1,0,1
163951.0,580193.0,460001.0,31,2023094625,3,0,1,0,0,0,0,1
189237.0,665175.0,70032.0,7900,2023094695,2,1,0,0,0,1,0,1
190876.0,675464.0,200006.0,6900,2023094801,3,1,1,0,0,0,0,1
205233.0,741272.0,15710086.0,2500,2023094853,4,1,1,0,0,0,0,3
189695.0,666930.0,9550014.0,7900,2023094908,4,1,1,0,0,0,0,1
226519.0,756326.0,8340168.0,1139,2023095074,2,0,0,0,0,1,0,1
208410.0,751750.0,15680131.0,9600,2023095130,2,1,0,1,0,0,0,1
198360.0,748333.0,14600314.0,4000,2023095159,2,1,1,0,0,0,0,2
186871.0,687226.0,10590262.0,7400,2023095163,4,1,1,0,0,0,0,1
186385.0,666486.0,10890024.0,7900,2023095231,2,0,0,0,0,1,0,1
203559.0,702261.0,3.0,6000,2023095255,3,0,0,0,0,1,1,1
221694.0,632089.0,11230642.0,3000,2023095290,2,1,1,0,0,0,0,1
165256.0,627973.0,3.0,351,2023095314,2,0,0,0,0,1,0,1
198543.0,746558.0,140431.0,4000,2023095526,2,0,0,1,0,0,0,1
251612.0,737095.0,2.0,1313,2023095671,2,0,0,0,0,1,0,1
176251.0,658990.0,80230140.0,6200,2023095769,2,1,0,0,0,1,0,1
191705.0,686941.0,310052.0,195,2023095951,5,0,1,0,0,0,0,5
197201.0,740661.0,8180004.0,2100,2023095985,2,0,0,1,0,0,0,1
228275.0,734115.0,8960002.0,7300,2023096097,4,0,0,0,0,1,0,1
196237.0,666049.0,8190001.0,2640,2023096106,2,0,1,0,0,0,0,1
196206.0,665945.0,8400001.0,2640,2023096268,1,0,1,0,0,0,0,1
187371.0,667667.0,17200001.0,7900,2023096631,2,0,0,0,0,1,0,1
201346.0,742179.0,17980412.0,4000,2023096645,2,1,0,0,0,1,0,1
168209.0,631884.0,9370211.0,70,2023096883,3,1,1,0,0,0,0,2
177902.0,657069.0,8710056.0,6600,2023096931,2,1,1,0,0,0,0,1
191489.0,676795.0,7750004.0,6900,2023097048,3,0,0,0,0,1,0,1
188509.0,667926.0,99970516.0,7900,2023097084,2,1,0,0,0,1,0,1
177690.0,656597.0,330062.0,6600,2023097186,2,0,0,1,0,0,0,1
181682.0,646427.0,12190011.0,8400,2023097197,5,1,1,0,0,0,0,3
199164.0,745607.0,9020422.0,4000,2023097221,3,1,1,0,0,0,0,1
167487.0,634772.0,7740006.0,70,2023097243,3,0,1,0,0,0,0,1
253379.0,790631.0,70004.0,2800,2023097245,2,0,0,0,0,1,0,1
186050.0,687212.0,9370051.0,7400,2023097296,4,1,1,0,0,0,0,1
216608.0,629852.0,15130313.0,3000,2023097378,3,1,1,0,0,0,0,1
216371.0,745501.0,20.0,8800,2023097486,2,0,0,0,0,1,0,1
220964.0,633233.0,180123.0,3000,2023097539,2,0,0,0,1,0,0,1
181559.0,674565.0,10350008.0,6400,2023097652,2,1,1,0,0,0,0,1
175868.0,625965.0,290003.0,1034,2023097660,3,0,0,0,0,1,0,1
221705.0,629141.0,24580541.0,3000,2023097886,3,1,1,0,0,0,0,1
168336.0,634231.0,9990001.0,70,2023097969,3,0,0,0,0,1,0,1
188687.0,666366.0,99970345.0,7900,2023098171,2,0,1,0,0,0,0,1
177820.0,656516.0,11100351.0,6600,2023098187,5,1,0,1,0,0,0,1
190554.0,694588.0,4.0,233,2023098446,3,0,1,0,0,0,0,1
221414.0,625923.0,92872348.0,3000,2023098653,3,0,1,0,0,0,0,1
200947.0,745462.0,18380977.0,4000,2023098672,2,0,0,0,0,1,0,1
182197.0,661857.0,24200942.0,5000,2023099036,3,0,0,1,0,0,0,1
199969.0,747177.0,7750223.0,4000,2023099112,2,0,0,1,0,0,0,1
194810.0,668350.0,28420249.0,2640,2023099121,3,0,1,0,0,0,0,1
182885.0,644569.0,8980008.0,8400,2023099135,2,0,1,0,0,0,0,1
186562.0,691636.0,300033.0,7400,2023099193,3,1,1,0,0,0,0,1
189383.0,666364.0,9430042.0,7900,2023099217,3,1,1,0,0,0,0,1
189828.0,704813.0,9780007.0,6500,2023099278,2,0,0,1,0,0,0,1
190994.0,675942.0,7830006.0,6900,2023099296,2,1,1,0,0,0,0,1
214433.0,634673.0,150001.0,1015,2023099358,2,0,0,1,0,0,0,1
181606.0,663406.0,140921.0,5000,2023099371,3,1,0,1,0,0,0,1
193221.0,385925.0,8780121.0,2600,2023099469,2,0,1,0,0,0,0,1
176991.0,572282.0,98340746.0,9000,2023099686,2,0,1,0,0,0,0,1
188735.0,651786.0,12840205.0,7000,2023099822,2,0,0,0,0,1,0,1
208832.0,749078.0,7510005.0,9500,2023099870,2,0,0,0,0,1,0,1
178331.0,665574.0,7700331.0,5000,2023099879,2,1,0,1,0,0,0,1
220351.0,628200.0,26330536.0,3000,2023099916,2,1,0,1,0,0,0,1
